batch;species;treat_code;treatment;flask;cutting;bud;BBdate;BBdelay;flushed
1;Acer;1;6//6;6//1;1;1;43166;44;1
1;Acer;1;6//6;6//1;1;2;;;0
1;Acer;1;6//6;6//1;1;3;;;0
1;Acer;1;6//6;6//1;1;4;;;0
1;Acer;1;6//6;6//1;2;1;;;0
1;Acer;1;6//6;6//1;2;2;43164;42;1
1;Acer;1;6//6;6//1;2;3;;;0
1;Acer;1;6//6;6//1;2;4;43164;42;1
1;Acer;1;6//6;6//1;3;1;43158;36;1
1;Acer;1;6//6;6//1;3;2;43161;39;1
1;Acer;1;6//6;6//1;3;3;43187;65;1
1;Acer;1;6//6;6//1;3;4;;;0
1;Acer;1;6//6;6//1;4;1;43161;39;1
1;Acer;1;6//6;6//1;4;2;43168;46;1
1;Acer;1;6//6;6//1;4;3;43171;49;1
1;Acer;1;6//6;6//1;4;4;;;0
1;Acer;1;6//6;6//1;5;1;43164;42;1
1;Acer;1;6//6;6//1;5;2;43158;36;1
1;Acer;1;6//6;6//1;5;3;43171;49;1
1;Acer;1;6//6;6//1;5;4;;;0
1;Acer;1;6//6;6//2;6;1;43161;39;1
1;Acer;1;6//6;6//2;6;2;;;0
1;Acer;1;6//6;6//2;6;3;;;0
1;Acer;1;6//6;6//2;6;4;;;0
1;Acer;1;6//6;6//2;7;1;43168;46;1
1;Acer;1;6//6;6//2;7;2;43158;36;1
1;Acer;1;6//6;6//2;7;3;43166;44;1
1;Acer;1;6//6;6//2;7;4;;;0
1;Acer;1;6//6;6//2;8;1;43161;39;1
1;Acer;1;6//6;6//2;8;2;43164;42;1
1;Acer;1;6//6;6//2;8;3;43166;44;1
1;Acer;1;6//6;6//2;8;4;43189;67;1
1;Acer;1;6//6;6//2;9;1;43158;36;1
1;Acer;1;6//6;6//2;9;2;43158;36;1
1;Acer;1;6//6;6//2;9;3;;;0
1;Acer;1;6//6;6//2;9;4;;;0
1;Acer;1;6//6;6//2;10;1;;;0
1;Acer;1;6//6;6//2;10;2;43158;36;1
1;Acer;1;6//6;6//2;10;3;;;0
1;Acer;1;6//6;6//2;10;4;43158;36;1
2;Acer;1;6//6;6//1;1;1;43171;28;1
2;Acer;1;6//6;6//1;1;2;43182;39;1
2;Acer;1;6//6;6//1;1;3;43166;23;1
2;Acer;1;6//6;6//1;1;4;43166;23;1
2;Acer;1;6//6;6//1;2;1;;;0
2;Acer;1;6//6;6//1;2;2;;;0
2;Acer;1;6//6;6//1;2;3;;;0
2;Acer;1;6//6;6//1;2;4;43168;25;1
2;Acer;1;6//6;6//1;3;1;43174;31;1
2;Acer;1;6//6;6//1;3;2;43182;39;1
2;Acer;1;6//6;6//1;3;3;;;0
2;Acer;1;6//6;6//1;3;4;;;0
2;Acer;1;6//6;6//1;4;1;43178;35;1
2;Acer;1;6//6;6//1;4;2;43187;44;1
2;Acer;1;6//6;6//1;4;3;;;0
2;Acer;1;6//6;6//1;4;4;;;0
2;Acer;1;6//6;6//1;5;1;43178;35;1
2;Acer;1;6//6;6//1;5;2;;;0
2;Acer;1;6//6;6//1;5;3;;;0
2;Acer;1;6//6;6//1;5;4;;;0
2;Acer;1;6//6;6//1;6;1;;;0
2;Acer;1;6//6;6//1;6;2;43185;42;1
2;Acer;1;6//6;6//1;6;3;43180;37;1
2;Acer;1;6//6;6//1;6;4;43178;35;1
2;Acer;1;6//6;6//2;7;1;43171;28;1
2;Acer;1;6//6;6//2;7;2;43174;31;1
2;Acer;1;6//6;6//2;7;3;;;0
2;Acer;1;6//6;6//2;7;4;;;0
2;Acer;1;6//6;6//2;8;1;43174;31;1
2;Acer;1;6//6;6//2;8;2;43174;31;1
2;Acer;1;6//6;6//2;8;3;;;0
2;Acer;1;6//6;6//2;8;4;;;0
2;Acer;1;6//6;6//2;9;1;43174;31;1
2;Acer;1;6//6;6//2;9;2;;;0
2;Acer;1;6//6;6//2;9;3;;;0
2;Acer;1;6//6;6//2;9;4;;;0
2;Acer;1;6//6;6//2;10;1;43174;31;1
2;Acer;1;6//6;6//2;10;2;;;0
2;Acer;1;6//6;6//2;10;3;;;0
2;Acer;1;6//6;6//2;10;4;43178;35;1
2;Acer;1;6//6;6//2;11;1;;;0
2;Acer;1;6//6;6//2;11;2;43171;28;1
2;Acer;1;6//6;6//2;11;3;43171;28;1
2;Acer;1;6//6;6//2;11;4;;;0
1;Acer;2;2//6;3//1;1;1;43164;42;1
1;Acer;2;2//6;3//1;1;2;43178;56;1
1;Acer;2;2//6;3//1;1;3;43178;56;1
1;Acer;2;2//6;3//1;1;4;;;0
1;Acer;2;2//6;3//1;2;1;;;0
1;Acer;2;2//6;3//1;2;2;43164;42;1
1;Acer;2;2//6;3//1;2;3;;;0
1;Acer;2;2//6;3//1;2;4;;;0
1;Acer;2;2//6;3//1;3;1;43164;42;1
1;Acer;2;2//6;3//1;3;2;43164;42;1
1;Acer;2;2//6;3//1;3;3;;;0
1;Acer;2;2//6;3//1;3;4;;;0
1;Acer;2;2//6;3//1;4;1;43171;49;1
1;Acer;2;2//6;3//1;4;2;43182;60;1
1;Acer;2;2//6;3//1;4;3;43168;46;1
1;Acer;2;2//6;3//1;4;4;;;0
1;Acer;2;2//6;3//1;5;1;43161;39;1
1;Acer;2;2//6;3//1;5;2;;;0
1;Acer;2;2//6;3//1;5;3;;;0
1;Acer;2;2//6;3//1;5;4;;;0
1;Acer;2;2//6;3//2;6;1;43171;49;1
1;Acer;2;2//6;3//2;6;2;;;0
1;Acer;2;2//6;3//2;6;3;;;0
1;Acer;2;2//6;3//2;6;4;;;0
1;Acer;2;2//6;3//2;6;1;43161;39;1
1;Acer;2;2//6;3//2;7;2;43164;42;1
1;Acer;2;2//6;3//2;7;3;43171;49;1
1;Acer;2;2//6;3//2;7;4;;;0
1;Acer;2;2//6;3//2;8;1;43161;39;1
1;Acer;2;2//6;3//2;8;2;;;0
1;Acer;2;2//6;3//2;8;3;;;0
1;Acer;2;2//6;3//2;8;4;;;0
1;Acer;2;2//6;3//2;9;1;43161;39;1
1;Acer;2;2//6;3//2;9;2;;;0
1;Acer;2;2//6;3//2;9;3;;;0
1;Acer;2;2//6;3//2;9;4;;;0
1;Acer;2;2//6;3//2;10;1;43161;39;1
1;Acer;2;2//6;3//2;10;2;;;0
1;Acer;2;2//6;3//2;10;3;;;0
1;Acer;2;2//6;3//2;10;4;;;0
2;Acer;2;2//6;3//1;1;1;43178;35;1
2;Acer;2;2//6;3//1;1;2;;;0
2;Acer;2;2//6;3//1;1;3;;;0
2;Acer;2;2//6;3//1;1;4;;;0
2;Acer;2;2//6;3//1;2;1;43180;37;1
2;Acer;2;2//6;3//1;2;2;43180;37;1
2;Acer;2;2//6;3//1;2;3;;;0
2;Acer;2;2//6;3//1;2;4;;;0
2;Acer;2;2//6;3//1;3;1;43168;25;1
2;Acer;2;2//6;3//1;3;2;;;0
2;Acer;2;2//6;3//1;3;3;;;0
2;Acer;2;2//6;3//1;3;4;;;0
2;Acer;2;2//6;3//1;4;1;43178;35;1
2;Acer;2;2//6;3//1;4;2;;;0
2;Acer;2;2//6;3//1;4;3;;;0
2;Acer;2;2//6;3//1;4;4;;;0
2;Acer;2;2//6;3//1;5;1;43178;35;1
2;Acer;2;2//6;3//1;5;2;;;0
2;Acer;2;2//6;3//1;5;3;;;0
2;Acer;2;2//6;3//1;5;4;;;0
2;Acer;2;2//6;3//1;6;1;43178;35;1
2;Acer;2;2//6;3//1;6;2;;;0
2;Acer;2;2//6;3//1;6;3;;;0
2;Acer;2;2//6;3//1;6;4;;;0
2;Acer;2;2//6;3//1;7;1;43174;31;1
2;Acer;2;2//6;3//1;7;2;;;0
2;Acer;2;2//6;3//1;7;3;;;0
2;Acer;2;2//6;3//1;7;4;;;0
2;Acer;2;2//6;3//2;8;1;;;0
2;Acer;2;2//6;3//2;8;2;;;0
2;Acer;2;2//6;3//2;8;3;;;0
2;Acer;2;2//6;3//2;8;4;;;0
2;Acer;2;2//6;3//2;9;1;;;0
2;Acer;2;2//6;3//2;9;2;;;0
2;Acer;2;2//6;3//2;9;3;;;0
2;Acer;2;2//6;3//2;9;4;;;0
2;Acer;2;2//6;3//2;10;1;;;0
2;Acer;2;2//6;3//2;10;2;43171;28;1
2;Acer;2;2//6;3//2;10;3;;;0
2;Acer;2;2//6;3//2;10;4;;;0
2;Acer;2;2//6;3//2;11;1;43178;35;1
2;Acer;2;2//6;3//2;11;2;;;0
2;Acer;2;2//6;3//2;11;3;;;0
2;Acer;2;2//6;3//2;11;4;;;0
2;Acer;2;2//6;3//2;12;1;43171;28;1
2;Acer;2;2//6;3//2;12;2;;;0
2;Acer;2;2//6;3//2;12;3;;;0
2;Acer;2;2//6;3//2;12;4;;;0
2;Acer;2;2//6;3//2;13;1;43189;46;1
2;Acer;2;2//6;3//2;13;2;43189;46;1
2;Acer;2;2//6;3//2;13;3;;;0
2;Acer;2;2//6;3//2;13;4;;;0
1;Acer;3;6//10;2//1;1;1;43164;42;1
1;Acer;3;6//10;2//1;1;2;;;0
1;Acer;3;6//10;2//1;1;3;;;0
1;Acer;3;6//10;2//1;1;4;;;0
1;Acer;3;6//10;2//1;2;1;43161;39;1
1;Acer;3;6//10;2//1;2;2;;;0
1;Acer;3;6//10;2//1;2;3;43168;46;1
1;Acer;3;6//10;2//1;2;4;;;0
1;Acer;3;6//10;2//1;3;1;43161;39;1
1;Acer;3;6//10;2//1;3;2;43161;39;1
1;Acer;3;6//10;2//1;3;3;;;0
1;Acer;3;6//10;2//1;3;4;;;0
1;Acer;3;6//10;2//1;4;1;43166;44;1
1;Acer;3;6//10;2//1;4;2;;;0
1;Acer;3;6//10;2//1;4;3;;;0
1;Acer;3;6//10;2//1;4;4;;;0
1;Acer;3;6//10;2//1;5;1;43166;44;1
1;Acer;3;6//10;2//1;5;2;43171;49;1
1;Acer;3;6//10;2//1;5;3;;;0
1;Acer;3;6//10;2//1;5;4;43164;42;1
1;Acer;3;6//10;2//1;6;1;;;0
1;Acer;3;6//10;2//1;6;2;;;0
1;Acer;3;6//10;2//1;6;3;;;0
1;Acer;3;6//10;2//1;6;4;;;0
1;Acer;3;6//10;2//2;7;1;43166;44;1
1;Acer;3;6//10;2//2;7;2;43166;44;1
1;Acer;3;6//10;2//2;7;3;43180;58;1
1;Acer;3;6//10;2//2;7;4;;;0
1;Acer;3;6//10;2//2;8;1;43164;42;1
1;Acer;3;6//10;2//2;8;2;43164;42;1
1;Acer;3;6//10;2//2;8;3;;;0
1;Acer;3;6//10;2//2;8;4;;;0
1;Acer;3;6//10;2//2;9;1;43171;49;1
1;Acer;3;6//10;2//2;9;2;;;0
1;Acer;3;6//10;2//2;9;3;;;0
1;Acer;3;6//10;2//2;9;4;;;0
1;Acer;3;6//10;2//2;10;1;43158;36;1
1;Acer;3;6//10;2//2;10;2;;;0
1;Acer;3;6//10;2//2;10;3;;;0
1;Acer;3;6//10;2//2;10;4;;;0
1;Acer;3;6//10;2//2;11;1;43161;39;1
1;Acer;3;6//10;2//2;11;2;;;0
1;Acer;3;6//10;2//2;11;3;43158;36;1
1;Acer;3;6//10;2//2;11;4;;;0
2;Acer;3;6//10;2//1;1;1;43174;31;1
2;Acer;3;6//10;2//1;1;2;;;0
2;Acer;3;6//10;2//1;1;3;;;0
2;Acer;3;6//10;2//1;1;4;;;0
2;Acer;3;6//10;2//1;2;1;43174;31;1
2;Acer;3;6//10;2//1;2;2;43180;37;1
2;Acer;3;6//10;2//1;2;3;;;0
2;Acer;3;6//10;2//1;2;4;;;0
2;Acer;3;6//10;2//1;3;1;43180;37;1
2;Acer;3;6//10;2//1;3;2;;;0
2;Acer;3;6//10;2//1;3;3;;;0
2;Acer;3;6//10;2//1;3;4;;;0
2;Acer;3;6//10;2//1;4;1;43180;37;1
2;Acer;3;6//10;2//1;4;2;43180;37;1
2;Acer;3;6//10;2//1;4;3;;;0
2;Acer;3;6//10;2//1;4;4;;;0
2;Acer;3;6//10;2//1;5;1;;;0
2;Acer;3;6//10;2//1;5;2;43180;37;1
2;Acer;3;6//10;2//1;5;3;;;0
2;Acer;3;6//10;2//1;5;4;;;0
2;Acer;3;6//10;2//1;6;1;43171;28;1
2;Acer;3;6//10;2//1;6;2;;;0
2;Acer;3;6//10;2//1;6;3;;;0
2;Acer;3;6//10;2//1;6;4;;;0
2;Acer;3;6//10;2//1;8;1;43178;35;1
2;Acer;3;6//10;2//1;8;2;;;0
2;Acer;3;6//10;2//1;8;3;;;0
2;Acer;3;6//10;2//1;8;4;;;0
2;Acer;3;6//10;2//2;9;1;43182;39;1
2;Acer;3;6//10;2//2;9;2;;;0
2;Acer;3;6//10;2//2;9;3;;;0
2;Acer;3;6//10;2//2;9;4;;;0
2;Acer;3;6//10;2//2;10;1;43187;44;1
2;Acer;3;6//10;2//2;10;2;;;0
2;Acer;3;6//10;2//2;10;3;;;0
2;Acer;3;6//10;2//2;10;4;;;0
2;Acer;3;6//10;2//2;11;1;43171;28;1
2;Acer;3;6//10;2//2;11;2;;;0
2;Acer;3;6//10;2//2;11;3;;;0
2;Acer;3;6//10;2//2;11;4;;;0
2;Acer;3;6//10;2//2;12;1;;;0
2;Acer;3;6//10;2//2;12;2;43174;31;1
2;Acer;3;6//10;2//2;12;3;43174;31;1
2;Acer;3;6//10;2//2;12;4;;;0
2;Acer;3;6//10;2//2;13;1;43178;35;1
2;Acer;3;6//10;2//2;13;2;;;0
2;Acer;3;6//10;2//2;13;3;;;0
2;Acer;3;6//10;2//2;13;4;;;0
2;Acer;3;6//10;2//2;14;1;43178;35;1
2;Acer;3;6//10;2//2;14;2;43182;39;1
2;Acer;3;6//10;2//2;14;3;;;0
2;Acer;3;6//10;2//2;14;4;;;0
2;Acer;3;6//10;2//2;15;1;43178;35;1
2;Acer;3;6//10;2//2;15;2;43187;44;1
2;Acer;3;6//10;2//2;15;3;;;0
2;Acer;3;6//10;2//2;15;4;;;0
2;Acer;3;6//10;2//2;16;1;43185;42;1
2;Acer;3;6//10;2//2;16;2;;;0
2;Acer;3;6//10;2//2;16;3;;;0
2;Acer;3;6//10;2//2;16;4;;;0
1;Acer;4;6//14;4//1;1;1;43178;56;1
1;Acer;4;6//14;4//1;1;2;;;0
1;Acer;4;6//14;4//1;1;3;43164;42;1
1;Acer;4;6//14;4//1;1;4;;;0
1;Acer;4;6//14;4//1;2;1;;;0
1;Acer;4;6//14;4//1;2;2;;;0
1;Acer;4;6//14;4//1;2;3;;;0
1;Acer;4;6//14;4//1;2;4;43189;67;1
1;Acer;4;6//14;4//1;3;1;;;0
1;Acer;4;6//14;4//1;3;2;;;0
1;Acer;4;6//14;4//1;3;3;;;0
1;Acer;4;6//14;4//1;3;4;;;0
1;Acer;4;6//14;4//1;4;1;;;0
1;Acer;4;6//14;4//1;4;2;;;0
1;Acer;4;6//14;4//1;4;3;;;0
1;Acer;4;6//14;4//1;4;4;;;0
1;Acer;4;6//14;4//1;5;1;43171;49;1
1;Acer;4;6//14;4//1;5;2;43164;42;1
1;Acer;4;6//14;4//1;5;3;;;0
1;Acer;4;6//14;4//1;5;4;;;0
1;Acer;4;6//14;4//2;6;1;;;0
1;Acer;4;6//14;4//2;6;2;;;0
1;Acer;4;6//14;4//2;6;3;;;0
1;Acer;4;6//14;4//2;6;4;;;0
1;Acer;4;6//14;4//2;7;1;43187;65;1
1;Acer;4;6//14;4//2;7;2;;;0
1;Acer;4;6//14;4//2;7;3;;;0
1;Acer;4;6//14;4//2;7;4;;;0
1;Acer;4;6//14;4//2;8;1;;;0
1;Acer;4;6//14;4//2;8;2;;;0
1;Acer;4;6//14;4//2;8;3;;;0
1;Acer;4;6//14;4//2;8;4;;;0
1;Acer;4;6//14;4//2;9;1;43182;60;1
1;Acer;4;6//14;4//2;9;2;;;0
1;Acer;4;6//14;4//2;9;3;;;0
1;Acer;4;6//14;4//2;9;4;43158;36;1
1;Acer;4;6//14;4//2;10;1;43187;65;1
1;Acer;4;6//14;4//2;10;2;;;0
1;Acer;4;6//14;4//2;10;3;;;0
1;Acer;4;6//14;4//2;10;4;;;0
2;Acer;4;6//14;4//1;1;1;43187;44;1
2;Acer;4;6//14;4//1;1;2;43185;42;1
2;Acer;4;6//14;4//1;1;3;;;0
2;Acer;4;6//14;4//1;1;4;;;0
2;Acer;4;6//14;4//1;2;1;43180;37;1
2;Acer;4;6//14;4//1;2;2;;;0
2;Acer;4;6//14;4//1;2;3;;;0
2;Acer;4;6//14;4//1;2;4;;;0
2;Acer;4;6//14;4//1;3;1;;;0
2;Acer;4;6//14;4//1;3;2;;;0
2;Acer;4;6//14;4//1;3;3;;;0
2;Acer;4;6//14;4//1;3;4;;;0
2;Acer;4;6//14;4//1;4;1;;;0
2;Acer;4;6//14;4//1;4;2;;;0
2;Acer;4;6//14;4//1;4;3;;;0
2;Acer;4;6//14;4//1;4;4;;;0
2;Acer;4;6//14;4//1;5;1;43180;37;1
2;Acer;4;6//14;4//1;5;2;;;0
2;Acer;4;6//14;4//1;5;3;;;0
2;Acer;4;6//14;4//1;5;4;;;0
2;Acer;4;6//14;4//1;6;1;;;0
2;Acer;4;6//14;4//1;6;2;43174;31;1
2;Acer;4;6//14;4//1;6;3;;;0
2;Acer;4;6//14;4//1;6;4;;;0
2;Acer;4;6//14;4//2;7;1;43164;21;1
2;Acer;4;6//14;4//2;7;2;;;0
2;Acer;4;6//14;4//2;7;3;;;0
2;Acer;4;6//14;4//2;7;4;;;0
2;Acer;4;6//14;4//2;8;1;43187;44;1
2;Acer;4;6//14;4//2;8;2;;;0
2;Acer;4;6//14;4//2;8;3;;;0
2;Acer;4;6//14;4//2;8;4;;;0
2;Acer;4;6//14;4//2;9;1;;;0
2;Acer;4;6//14;4//2;9;2;;;0
2;Acer;4;6//14;4//2;9;3;;;0
2;Acer;4;6//14;4//2;9;4;;;0
2;Acer;4;6//14;4//2;10;1;;;0
2;Acer;4;6//14;4//2;10;2;;;0
2;Acer;4;6//14;4//2;10;3;;;0
2;Acer;4;6//14;4//2;10;4;;;0
2;Acer;4;6//14;4//2;11;1;;;0
2;Acer;4;6//14;4//2;11;2;;;0
2;Acer;4;6//14;4//2;11;3;43187;44;1
2;Acer;4;6//14;4//2;11;4;;;0
2;Acer;4;6//14;4//2;12;1;43187;44;1
2;Acer;4;6//14;4//2;12;2;;;0
2;Acer;4;6//14;4//2;12;3;;;0
2;Acer;4;6//14;4//2;12;4;;;0
1;Acer;5;14//6;5//2;1;1;43171;49;1
1;Acer;5;14//6;5//2;1;2;;;0
1;Acer;5;14//6;5//2;1;3;;;0
1;Acer;5;14//6;5//2;1;4;;;0
1;Acer;5;14//6;5//2;2;1;43158;36;1
1;Acer;5;14//6;5//2;2;2;43158;36;1
1;Acer;5;14//6;5//2;2;3;43164;42;1
1;Acer;5;14//6;5//2;2;4;;;0
1;Acer;5;14//6;5//2;3;1;43164;42;1
1;Acer;5;14//6;5//2;3;2;43164;42;1
1;Acer;5;14//6;5//2;3;3;;;0
1;Acer;5;14//6;5//2;3;4;;;0
1;Acer;5;14//6;5//2;4;1;43182;60;1
1;Acer;5;14//6;5//2;4;2;43161;39;1
1;Acer;5;14//6;5//2;4;3;;;0
1;Acer;5;14//6;5//2;4;4;;;0
1;Acer;5;14//6;5//2;5;1;;;0
1;Acer;5;14//6;5//2;5;2;43158;36;1
1;Acer;5;14//6;5//2;5;3;43158;36;1
1;Acer;5;14//6;5//2;5;4;;;0
1;Acer;5;14//6;5//1;6;1;43158;36;1
1;Acer;5;14//6;5//1;6;2;43158;36;1
1;Acer;5;14//6;5//1;6;3;43178;56;1
1;Acer;5;14//6;5//1;6;4;43178;56;1
1;Acer;5;14//6;5//1;7;1;43171;49;1
1;Acer;5;14//6;5//1;7;2;43187;65;1
1;Acer;5;14//6;5//1;7;3;;;0
1;Acer;5;14//6;5//1;7;4;43168;46;1
1;Acer;5;14//6;5//1;8;1;43161;39;1
1;Acer;5;14//6;5//1;8;2;43164;42;1
1;Acer;5;14//6;5//1;8;3;;;0
1;Acer;5;14//6;5//1;8;4;;;0
1;Acer;5;14//6;5//1;9;1;43161;39;1
1;Acer;5;14//6;5//1;9;2;;;0
1;Acer;5;14//6;5//1;9;3;;;0
1;Acer;5;14//6;5//1;9;4;;;0
1;Acer;5;14//6;5//1;10;1;43178;56;1
1;Acer;5;14//6;5//1;10;2;43158;36;1
1;Acer;5;14//6;5//1;10;3;;;0
1;Acer;5;14//6;5//1;10;4;;;0
2;Acer;5;14//6;5//1;1;1;;;0
2;Acer;5;14//6;5//1;1;2;;;0
2;Acer;5;14//6;5//1;1;3;;;0
2;Acer;5;14//6;5//1;1;4;43174;31;1
2;Acer;5;14//6;5//1;2;1;;;0
2;Acer;5;14//6;5//1;2;2;;;0
2;Acer;5;14//6;5//1;2;3;;;0
2;Acer;5;14//6;5//1;2;4;43174;31;1
2;Acer;5;14//6;5//1;3;1;43180;37;1
2;Acer;5;14//6;5//1;3;2;;;0
2;Acer;5;14//6;5//1;3;3;;;0
2;Acer;5;14//6;5//1;3;4;;;0
2;Acer;5;14//6;5//1;4;1;43182;39;1
2;Acer;5;14//6;5//1;4;2;43185;42;1
2;Acer;5;14//6;5//1;4;3;;;0
2;Acer;5;14//6;5//1;4;4;;;0
2;Acer;5;14//6;5//1;5;1;;;0
2;Acer;5;14//6;5//1;5;2;;;0
2;Acer;5;14//6;5//1;5;3;;;0
2;Acer;5;14//6;5//1;5;4;;;0
2;Acer;5;14//6;5//1;6;1;43182;39;1
2;Acer;5;14//6;5//1;6;2;43178;35;1
2;Acer;5;14//6;5//1;6;3;43182;39;1
2;Acer;5;14//6;5//1;6;4;43185;42;1
2;Acer;5;14//6;5//2;7;1;43178;35;1
2;Acer;5;14//6;5//2;7;2;;;0
2;Acer;5;14//6;5//2;7;3;;;0
2;Acer;5;14//6;5//2;7;4;;;0
2;Acer;5;14//6;5//2;8;1;;;0
2;Acer;5;14//6;5//2;8;2;43178;35;1
2;Acer;5;14//6;5//2;8;3;43178;35;1
2;Acer;5;14//6;5//2;8;4;;;0
2;Acer;5;14//6;5//2;9;1;43168;25;1
2;Acer;5;14//6;5//2;9;2;43168;25;1
2;Acer;5;14//6;5//2;9;3;;;0
2;Acer;5;14//6;5//2;9;4;;;0
2;Acer;5;14//6;5//2;10;1;43180;37;1
2;Acer;5;14//6;5//2;10;2;;;0
2;Acer;5;14//6;5//2;10;3;;;0
2;Acer;5;14//6;5//2;10;4;;;0
2;Acer;5;14//6;5//2;11;1;;;0
2;Acer;5;14//6;5//2;11;2;43178;35;1
2;Acer;5;14//6;5//2;11;3;43178;35;1
2;Acer;5;14//6;5//2;11;4;;;0
2;Acer;5;14//6;5//2;12;1;43182;39;1
2;Acer;5;14//6;5//2;12;2;43171;28;1
2;Acer;5;14//6;5//2;12;3;;;0
2;Acer;5;14//6;5//2;12;4;;;0
1;Acer;6;6//18;1//1;1;1;;;0
1;Acer;6;6//18;1//1;1;2;;;0
1;Acer;6;6//18;1//1;1;3;;;0
1;Acer;6;6//18;1//1;1;4;;;0
1;Acer;6;6//18;1//1;2;1;;;0
1;Acer;6;6//18;1//1;2;2;;;0
1;Acer;6;6//18;1//1;2;3;;;0
1;Acer;6;6//18;1//1;2;4;;;0
1;Acer;6;6//18;1//1;3;1;;;0
1;Acer;6;6//18;1//1;3;2;;;0
1;Acer;6;6//18;1//1;3;3;;;0
1;Acer;6;6//18;1//1;3;4;;;0
1;Acer;6;6//18;1//1;4;1;;;0
1;Acer;6;6//18;1//1;4;2;;;0
1;Acer;6;6//18;1//1;4;3;;;0
1;Acer;6;6//18;1//1;4;4;;;0
1;Acer;6;6//18;1//1;5;1;;;0
1;Acer;6;6//18;1//1;5;2;;;0
1;Acer;6;6//18;1//1;5;3;;;0
1;Acer;6;6//18;1//1;5;4;;;0
1;Acer;6;6//18;1//2;6;1;;;0
1;Acer;6;6//18;1//2;6;2;;;0
1;Acer;6;6//18;1//2;6;3;;;0
1;Acer;6;6//18;1//2;6;4;;;0
1;Acer;6;6//18;1//2;7;1;;;0
1;Acer;6;6//18;1//2;7;2;;;0
1;Acer;6;6//18;1//2;7;3;;;0
1;Acer;6;6//18;1//2;7;4;;;0
1;Acer;6;6//18;1//2;8;1;;;0
1;Acer;6;6//18;1//2;8;2;43187;65;1
1;Acer;6;6//18;1//2;8;3;;;0
1;Acer;6;6//18;1//2;8;4;43161;39;1
1;Acer;6;6//18;1//2;9;1;;;0
1;Acer;6;6//18;1//2;9;2;;;0
1;Acer;6;6//18;1//2;9;3;;;0
1;Acer;6;6//18;1//2;9;4;;;0
1;Acer;6;6//18;1//2;10;1;43171;49;1
1;Acer;6;6//18;1//2;10;2;;;0
1;Acer;6;6//18;1//2;10;3;;;0
1;Acer;6;6//18;1//2;10;4;;;0
2;Acer;6;6//18;1//1;1;1;;;0
2;Acer;6;6//18;1//1;1;2;;;0
2;Acer;6;6//18;1//1;1;3;;;0
2;Acer;6;6//18;1//1;1;4;;;0
2;Acer;6;6//18;1//1;2;1;;;0
2;Acer;6;6//18;1//1;2;2;;;0
2;Acer;6;6//18;1//1;2;3;;;0
2;Acer;6;6//18;1//1;2;4;;;0
2;Acer;6;6//18;1//1;3;1;;;0
2;Acer;6;6//18;1//1;3;2;;;0
2;Acer;6;6//18;1//1;3;3;;;0
2;Acer;6;6//18;1//1;3;4;;;0
2;Acer;6;6//18;1//1;4;1;;;0
2;Acer;6;6//18;1//1;4;2;;;0
2;Acer;6;6//18;1//1;4;3;;;0
2;Acer;6;6//18;1//1;4;4;;;0
2;Acer;6;6//18;1//1;5;1;;;0
2;Acer;6;6//18;1//1;5;2;;;0
2;Acer;6;6//18;1//1;5;3;;;0
2;Acer;6;6//18;1//1;5;4;;;0
2;Acer;6;6//18;1//1;6;1;;;0
2;Acer;6;6//18;1//1;6;2;;;0
2;Acer;6;6//18;1//1;6;3;;;0
2;Acer;6;6//18;1//1;6;4;;;0
2;Acer;6;6//18;1//2;7;1;;;0
2;Acer;6;6//18;1//2;7;2;;;0
2;Acer;6;6//18;1//2;7;3;;;0
2;Acer;6;6//18;1//2;7;4;;;0
2;Acer;6;6//18;1//2;8;1;;;0
2;Acer;6;6//18;1//2;8;2;;;0
2;Acer;6;6//18;1//2;8;3;;;0
2;Acer;6;6//18;1//2;8;4;;;0
2;Acer;6;6//18;1//2;9;1;;;0
2;Acer;6;6//18;1//2;9;2;;;0
2;Acer;6;6//18;1//2;9;3;;;0
2;Acer;6;6//18;1//2;9;4;;;0
2;Acer;6;6//18;1//2;10;1;;;0
2;Acer;6;6//18;1//2;10;2;;;0
2;Acer;6;6//18;1//2;10;3;;;0
2;Acer;6;6//18;1//2;10;4;;;0
2;Acer;6;6//18;1//2;11;1;;;0
2;Acer;6;6//18;1//2;11;2;;;0
2;Acer;6;6//18;1//2;11;3;;;0
2;Acer;6;6//18;1//2;11;4;43168;25;1
2;Acer;6;6//18;1//2;12;1;;;0
2;Acer;6;6//18;1//2;12;2;;;0
2;Acer;6;6//18;1//2;12;3;;;0
2;Acer;6;6//18;1//2;12;4;;;0
1;Betula;1;6//6;6//1;1;1;43171;56;1
1;Betula;1;6//6;6//1;1;2;43164;49;1
1;Betula;1;6//6;6//1;1;3;43143;28;1
1;Betula;1;6//6;6//1;1;4;43143;28;1
1;Betula;1;6//6;6//1;6;1;43143;28;1
1;Betula;1;6//6;6//1;6;2;43143;28;1
1;Betula;1;6//6;6//1;6;3;43143;28;1
1;Betula;1;6//6;6//1;6;4;43143;28;1
1;Betula;1;6//6;6//1;2;1;43164;49;1
1;Betula;1;6//6;6//1;2;2;43151;36;1
1;Betula;1;6//6;6//1;2;3;43154;39;1
1;Betula;1;6//6;6//1;2;4;43143;28;1
1;Betula;1;6//6;6//1;3;1;43164;49;1
1;Betula;1;6//6;6//1;3;2;43178;63;1
1;Betula;1;6//6;6//1;3;3;43151;36;1
1;Betula;1;6//6;6//1;3;4;43164;49;1
1;Betula;1;6//6;6//1;4;1;43151;36;1
1;Betula;1;6//6;6//1;4;2;43158;43;1
1;Betula;1;6//6;6//1;4;3;43164;49;1
1;Betula;1;6//6;6//1;4;4;43164;49;1
1;Betula;1;6//6;6//1;5;1;43145;30;1
1;Betula;1;6//6;6//1;5;2;43143;28;1
1;Betula;1;6//6;6//1;5;3;43145;30;1
1;Betula;1;6//6;6//1;5;4;43161;46;1
1;Betula;1;6//6;6//2;7;1;43145;30;1
1;Betula;1;6//6;6//2;7;2;43145;30;1
1;Betula;1;6//6;6//2;7;3;43145;30;1
1;Betula;1;6//6;6//2;7;4;43143;28;1
1;Betula;1;6//6;6//2;8;1;;;0
1;Betula;1;6//6;6//2;8;2;;;0
1;Betula;1;6//6;6//2;8;3;43143;28;1
1;Betula;1;6//6;6//2;8;4;43143;28;1
1;Betula;1;6//6;6//2;9;1;;;0
1;Betula;1;6//6;6//2;9;2;43145;30;1
1;Betula;1;6//6;6//2;9;3;43143;28;1
1;Betula;1;6//6;6//2;9;4;43154;39;1
1;Betula;1;6//6;6//2;10;1;;;0
1;Betula;1;6//6;6//2;10;2;;;0
1;Betula;1;6//6;6//2;10;3;;;0
1;Betula;1;6//6;6//2;10;4;;;0
1;Betula;1;6//6;6//2;11;1;43171;56;1
1;Betula;1;6//6;6//2;11;2;43151;36;1
1;Betula;1;6//6;6//2;11;3;43151;36;1
1;Betula;1;6//6;6//2;11;4;43143;28;1
2;Betula;1;6//6;6//1;1;1;;;0
2;Betula;1;6//6;6//1;1;2;43154;25;1
2;Betula;1;6//6;6//1;1;3;;;0
2;Betula;1;6//6;6//1;1;4;43151;22;1
2;Betula;1;6//6;6//1;2;1;43174;45;1
2;Betula;1;6//6;6//1;2;2;43158;29;1
2;Betula;1;6//6;6//1;2;3;43161;32;1
2;Betula;1;6//6;6//1;2;4;43154;25;1
2;Betula;1;6//6;6//1;3;1;43158;29;1
2;Betula;1;6//6;6//1;3;2;43164;35;1
2;Betula;1;6//6;6//1;3;3;43161;32;1
2;Betula;1;6//6;6//1;3;4;43158;29;1
2;Betula;1;6//6;6//1;4;1;;;0
2;Betula;1;6//6;6//1;4;2;;;0
2;Betula;1;6//6;6//1;4;3;;;0
2;Betula;1;6//6;6//1;4;4;;;0
2;Betula;1;6//6;6//1;5;1;;;0
2;Betula;1;6//6;6//1;5;2;;;0
2;Betula;1;6//6;6//1;5;3;;;0
2;Betula;1;6//6;6//1;5;4;;;0
2;Betula;1;6//6;6//1;6;1;;;0
2;Betula;1;6//6;6//1;6;2;;;0
2;Betula;1;6//6;6//1;6;3;;;0
2;Betula;1;6//6;6//1;6;4;;;0
2;Betula;1;6//6;6//1;7;1;;;0
2;Betula;1;6//6;6//1;7;2;;;0
2;Betula;1;6//6;6//1;7;3;;;0
2;Betula;1;6//6;6//1;7;4;;;0
2;Betula;1;6//6;6//2;8;1;;;0
2;Betula;1;6//6;6//2;8;2;;;0
2;Betula;1;6//6;6//2;8;3;;;0
2;Betula;1;6//6;6//2;8;4;;;0
2;Betula;1;6//6;6//2;9;1;;;0
2;Betula;1;6//6;6//2;9;2;;;0
2;Betula;1;6//6;6//2;9;3;;;0
2;Betula;1;6//6;6//2;9;4;;;0
2;Betula;1;6//6;6//2;10;1;;;0
2;Betula;1;6//6;6//2;10;2;;;0
2;Betula;1;6//6;6//2;10;3;;;0
2;Betula;1;6//6;6//2;10;4;;;0
2;Betula;1;6//6;6//2;11;1;;;0
2;Betula;1;6//6;6//2;11;2;;;0
2;Betula;1;6//6;6//2;11;3;;;0
2;Betula;1;6//6;6//2;11;4;;;0
2;Betula;1;6//6;6//2;12;1;;;0
2;Betula;1;6//6;6//2;12;2;;;0
2;Betula;1;6//6;6//2;12;3;;;0
2;Betula;1;6//6;6//2;12;4;;;0
2;Betula;1;6//6;6//2;13;1;;;0
2;Betula;1;6//6;6//2;13;2;;;0
2;Betula;1;6//6;6//2;13;3;;;0
2;Betula;1;6//6;6//2;13;4;;;0
2;Betula;1;6//6;6//2;14;1;;;0
2;Betula;1;6//6;6//2;14;2;;;0
2;Betula;1;6//6;6//2;14;3;;;0
2;Betula;1;6//6;6//2;14;4;;;0
2;Betula;1;6//6;6//2;15;1;;;0
2;Betula;1;6//6;6//2;15;2;;;0
2;Betula;1;6//6;6//2;15;3;;;0
2;Betula;1;6//6;6//2;15;4;;;0
1;Betula;2;2//6;3//1;1;1;43147;32;1
1;Betula;2;2//6;3//1;1;2;43143;28;1
1;Betula;2;2//6;3//1;1;3;43143;28;1
1;Betula;2;2//6;3//1;1;4;43147;32;1
1;Betula;2;2//6;3//1;2;1;43145;30;1
1;Betula;2;2//6;3//1;2;2;43171;56;1
1;Betula;2;2//6;3//1;2;3;43147;32;1
1;Betula;2;2//6;3//1;2;4;43147;32;1
1;Betula;2;2//6;3//1;3;1;43143;28;1
1;Betula;2;2//6;3//1;3;2;43147;32;1
1;Betula;2;2//6;3//1;3;3;43143;28;1
1;Betula;2;2//6;3//1;3;4;43143;28;1
1;Betula;2;2//6;3//1;4;1;;;0
1;Betula;2;2//6;3//1;4;2;43147;32;1
1;Betula;2;2//6;3//1;4;3;43143;28;1
1;Betula;2;2//6;3//1;4;4;43143;28;1
1;Betula;2;2//6;3//1;5;1;;;0
1;Betula;2;2//6;3//1;5;2;;;0
1;Betula;2;2//6;3//1;5;3;;;0
1;Betula;2;2//6;3//1;5;4;;;0
1;Betula;2;2//6;3//2;6;1;43145;30;1
1;Betula;2;2//6;3//2;6;2;43143;28;1
1;Betula;2;2//6;3//2;6;3;43143;28;1
1;Betula;2;2//6;3//2;6;4;;;0
1;Betula;2;2//6;3//2;7;1;43164;49;1
1;Betula;2;2//6;3//2;7;2;;;0
1;Betula;2;2//6;3//2;7;3;43143;28;1
1;Betula;2;2//6;3//2;7;4;43143;28;1
1;Betula;2;2//6;3//2;8;1;;;0
1;Betula;2;2//6;3//2;8;2;43143;28;1
1;Betula;2;2//6;3//2;8;3;43145;30;1
1;Betula;2;2//6;3//2;8;4;43145;30;1
1;Betula;2;2//6;3//2;9;1;43143;28;1
1;Betula;2;2//6;3//2;9;2;43143;28;1
1;Betula;2;2//6;3//2;9;3;43143;28;1
1;Betula;2;2//6;3//2;9;4;43143;28;1
1;Betula;2;2//6;3//2;10;1;43166;51;1
1;Betula;2;2//6;3//2;10;2;43147;32;1
1;Betula;2;2//6;3//2;10;3;43147;32;1
1;Betula;2;2//6;3//2;10;4;43145;30;1
2;Betula;2;2//6;3//1;1;1;43147;18;1
2;Betula;2;2//6;3//1;1;2;43147;18;1
2;Betula;2;2//6;3//1;1;3;43158;29;1
2;Betula;2;2//6;3//1;1;4;43151;22;1
2;Betula;2;2//6;3//1;2;1;43158;29;1
2;Betula;2;2//6;3//1;2;2;43168;39;1
2;Betula;2;2//6;3//1;2;3;;;0
2;Betula;2;2//6;3//1;2;4;43161;32;1
2;Betula;2;2//6;3//1;3;1;43154;25;1
2;Betula;2;2//6;3//1;3;2;;;0
2;Betula;2;2//6;3//1;3;3;43154;25;1
2;Betula;2;2//6;3//1;3;4;43151;22;1
2;Betula;2;2//6;3//1;4;1;43168;39;1
2;Betula;2;2//6;3//1;4;2;43180;51;1
2;Betula;2;2//6;3//1;4;3;43168;39;1
2;Betula;2;2//6;3//1;4;4;43161;32;1
2;Betula;2;2//6;3//1;5;1;43189;60;1
2;Betula;2;2//6;3//1;5;2;43174;45;1
2;Betula;2;2//6;3//1;5;3;43164;35;1
2;Betula;2;2//6;3//1;5;4;43158;29;1
2;Betula;2;2//6;3//1;6;1;43178;49;1
2;Betula;2;2//6;3//1;6;2;43154;25;1
2;Betula;2;2//6;3//1;6;3;43194;65;1
2;Betula;2;2//6;3//1;6;4;43168;39;1
2;Betula;2;2//6;3//1;7;1;;;0
2;Betula;2;2//6;3//1;7;2;43180;51;1
2;Betula;2;2//6;3//1;7;3;43154;25;1
2;Betula;2;2//6;3//1;7;4;43151;22;1
2;Betula;2;2//6;3//2;8;1;43161;32;1
2;Betula;2;2//6;3//2;8;2;43158;29;1
2;Betula;2;2//6;3//2;8;3;;;0
2;Betula;2;2//6;3//2;8;4;43158;29;1
2;Betula;2;2//6;3//2;9;1;43187;58;1
2;Betula;2;2//6;3//2;9;2;43158;29;1
2;Betula;2;2//6;3//2;9;3;43158;29;1
2;Betula;2;2//6;3//2;9;4;43158;29;1
2;Betula;2;2//6;3//2;10;1;;;0
2;Betula;2;2//6;3//2;10;2;43151;22;1
2;Betula;2;2//6;3//2;10;3;43151;22;1
2;Betula;2;2//6;3//2;10;4;43147;18;1
2;Betula;2;2//6;3//2;11;1;43154;25;1
2;Betula;2;2//6;3//2;11;2;43158;29;1
2;Betula;2;2//6;3//2;11;3;;;0
2;Betula;2;2//6;3//2;11;4;43168;39;1
2;Betula;2;2//6;3//2;12;1;;;0
2;Betula;2;2//6;3//2;12;2;43154;25;1
2;Betula;2;2//6;3//2;12;3;;;0
2;Betula;2;2//6;3//2;12;4;;;0
2;Betula;2;2//6;3//2;13;1;43161;32;1
2;Betula;2;2//6;3//2;13;2;43178;49;1
2;Betula;2;2//6;3//2;13;3;43154;25;1
2;Betula;2;2//6;3//2;13;4;43154;25;1
2;Betula;2;2//6;3//2;14;1;43171;42;1
2;Betula;2;2//6;3//2;14;2;43178;49;1
2;Betula;2;2//6;3//2;14;3;43154;25;1
2;Betula;2;2//6;3//2;14;4;43154;25;1
2;Betula;2;2//6;3//2;15;1;43192;63;1
2;Betula;2;2//6;3//2;15;2;43168;39;1
2;Betula;2;2//6;3//2;15;3;43168;39;1
2;Betula;2;2//6;3//2;15;4;43154;25;1
1;Betula;3;6//10;2//1;1;1;43145;30;1
1;Betula;3;6//10;2//1;1;2;43158;43;1
1;Betula;3;6//10;2//1;1;3;43143;28;1
1;Betula;3;6//10;2//1;1;4;43143;28;1
1;Betula;3;6//10;2//1;2;1;43166;51;1
1;Betula;3;6//10;2//1;2;2;43168;53;1
1;Betula;3;6//10;2//1;2;3;43143;28;1
1;Betula;3;6//10;2//1;2;4;;;0
1;Betula;3;6//10;2//1;3;1;;;0
1;Betula;3;6//10;2//1;3;2;43143;28;1
1;Betula;3;6//10;2//1;3;3;43143;28;1
1;Betula;3;6//10;2//1;3;4;43143;28;1
1;Betula;3;6//10;2//1;4;1;43171;56;1
1;Betula;3;6//10;2//1;4;2;43154;39;1
1;Betula;3;6//10;2//1;4;3;43145;30;1
1;Betula;3;6//10;2//1;4;4;43145;30;1
1;Betula;3;6//10;2//1;5;1;43145;30;1
1;Betula;3;6//10;2//1;5;2;43143;28;1
1;Betula;3;6//10;2//1;5;3;43143;28;1
1;Betula;3;6//10;2//1;5;4;43143;28;1
1;Betula;3;6//10;2//1;6;1;43178;63;1
1;Betula;3;6//10;2//1;6;2;43178;63;1
1;Betula;3;6//10;2//1;6;3;43145;30;1
1;Betula;3;6//10;2//1;6;4;43161;46;1
1;Betula;3;6//10;2//2;7;1;43143;28;1
1;Betula;3;6//10;2//2;7;2;;;0
1;Betula;3;6//10;2//2;7;3;43166;51;1
1;Betula;3;6//10;2//2;7;4;43151;36;1
1;Betula;3;6//10;2//2;8;1;43171;56;1
1;Betula;3;6//10;2//2;8;2;43145;30;1
1;Betula;3;6//10;2//2;8;3;43145;30;1
1;Betula;3;6//10;2//2;8;4;43143;28;1
1;Betula;3;6//10;2//2;9;1;;;0
1;Betula;3;6//10;2//2;9;2;;;0
1;Betula;3;6//10;2//2;9;3;;;0
1;Betula;3;6//10;2//2;9;4;43143;28;1
1;Betula;3;6//10;2//2;10;1;43158;43;1
1;Betula;3;6//10;2//2;10;2;43168;53;1
1;Betula;3;6//10;2//2;10;3;43168;53;1
1;Betula;3;6//10;2//2;10;4;43143;28;1
1;Betula;3;6//10;2//2;11;1;43178;63;1
1;Betula;3;6//10;2//2;11;2;43158;43;1
1;Betula;3;6//10;2//2;11;3;43178;63;1
1;Betula;3;6//10;2//2;11;4;43145;30;1
1;Betula;3;6//10;2//2;12;1;43171;56;1
1;Betula;3;6//10;2//2;12;2;43164;49;1
1;Betula;3;6//10;2//2;12;3;;;0
1;Betula;3;6//10;2//2;12;4;43145;30;1
2;Betula;3;6//10;2//1;1;1;43154;25;1
2;Betula;3;6//10;2//1;1;2;43183;54;1
2;Betula;3;6//10;2//1;1;3;43164;35;1
2;Betula;3;6//10;2//1;1;4;43168;39;1
2;Betula;3;6//10;2//1;2;1;43145;16;1
2;Betula;3;6//10;2//1;2;2;43145;16;1
2;Betula;3;6//10;2//1;2;3;43145;16;1
2;Betula;3;6//10;2//1;2;4;43145;16;1
2;Betula;3;6//10;2//1;3;1;43192;63;1
2;Betula;3;6//10;2//1;3;2;43189;60;1
2;Betula;3;6//10;2//1;3;3;43206;77;1
2;Betula;3;6//10;2//1;3;4;43161;32;1
2;Betula;3;6//10;2//1;4;1;43147;18;1
2;Betula;3;6//10;2//1;4;2;43154;25;1
2;Betula;3;6//10;2//1;4;3;43151;22;1
2;Betula;3;6//10;2//1;4;4;43151;22;1
2;Betula;3;6//10;2//1;5;1;43158;29;1
2;Betula;3;6//10;2//1;5;2;;;0
2;Betula;3;6//10;2//1;5;3;;;0
2;Betula;3;6//10;2//1;5;4;;;0
2;Betula;3;6//10;2//1;6;1;;;0
2;Betula;3;6//10;2//1;6;2;43158;29;1
2;Betula;3;6//10;2//1;6;3;43158;29;1
2;Betula;3;6//10;2//1;6;4;43158;29;1
2;Betula;3;6//10;2//1;7;1;43187;58;1
2;Betula;3;6//10;2//1;7;2;43171;42;1
2;Betula;3;6//10;2//1;7;3;43161;32;1
2;Betula;3;6//10;2//1;7;4;43161;32;1
2;Betula;3;6//10;2//1;8;1;43185;56;1
2;Betula;3;6//10;2//1;8;2;43185;56;1
2;Betula;3;6//10;2//1;8;3;43185;56;1
2;Betula;3;6//10;2//1;8;4;43154;25;1
2;Betula;3;6//10;2//1;9;1;;;0
2;Betula;3;6//10;2//1;9;2;43161;32;1
2;Betula;3;6//10;2//1;9;3;43161;32;1
2;Betula;3;6//10;2//1;9;4;43164;35;1
2;Betula;3;6//10;2//2;10;1;43158;29;1
2;Betula;3;6//10;2//2;10;2;43161;32;1
2;Betula;3;6//10;2//2;10;3;43161;32;1
2;Betula;3;6//10;2//2;10;4;43158;29;1
2;Betula;3;6//10;2//2;11;1;43174;45;1
2;Betula;3;6//10;2//2;11;2;43158;29;1
2;Betula;3;6//10;2//2;11;3;43164;35;1
2;Betula;3;6//10;2//2;11;4;43161;32;1
2;Betula;3;6//10;2//2;12;1;43166;37;1
2;Betula;3;6//10;2//2;12;2;43161;32;1
2;Betula;3;6//10;2//2;12;3;43154;25;1
2;Betula;3;6//10;2//2;12;4;43147;18;1
2;Betula;3;6//10;2//2;13;1;43154;25;1
2;Betula;3;6//10;2//2;13;2;43154;25;1
2;Betula;3;6//10;2//2;13;3;43154;25;1
2;Betula;3;6//10;2//2;13;4;43151;22;1
2;Betula;3;6//10;2//2;14;1;43161;32;1
2;Betula;3;6//10;2//2;14;2;43158;29;1
2;Betula;3;6//10;2//2;14;3;;;0
2;Betula;3;6//10;2//2;14;4;43158;29;1
2;Betula;3;6//10;2//2;15;1;43151;22;1
2;Betula;3;6//10;2//2;15;2;43151;22;1
2;Betula;3;6//10;2//2;15;3;43151;22;1
2;Betula;3;6//10;2//2;15;4;43151;22;1
2;Betula;3;6//10;2//2;16;1;;;0
2;Betula;3;6//10;2//2;16;2;43158;29;1
2;Betula;3;6//10;2//2;16;3;43161;32;1
2;Betula;3;6//10;2//2;16;4;;;0
2;Betula;3;6//10;2//2;17;1;43161;32;1
2;Betula;3;6//10;2//2;17;2;43166;37;1
2;Betula;3;6//10;2//2;17;3;;;0
2;Betula;3;6//10;2//2;17;4;43161;32;1
2;Betula;3;6//10;2//2;18;1;43199;70;1
2;Betula;3;6//10;2//2;18;2;;;0
2;Betula;3;6//10;2//2;18;3;43147;18;1
2;Betula;3;6//10;2//2;18;4;43164;35;1
1;Betula;4;6//14;4//1;1;1;43178;63;1
1;Betula;4;6//14;4//1;1;2;43180;65;1
1;Betula;4;6//14;4//1;1;3;43187;72;1
1;Betula;4;6//14;4//1;1;4;;;0
1;Betula;4;6//14;4//1;2;1;;;0
1;Betula;4;6//14;4//1;2;2;;;0
1;Betula;4;6//14;4//1;2;3;;;0
1;Betula;4;6//14;4//1;2;4;;;0
1;Betula;4;6//14;4//1;3;1;43161;46;1
1;Betula;4;6//14;4//1;3;2;43161;46;1
1;Betula;4;6//14;4//1;3;3;43158;43;1
1;Betula;4;6//14;4//1;3;4;43143;28;1
1;Betula;4;6//14;4//1;4;1;43187;72;1
1;Betula;4;6//14;4//1;4;2;43187;72;1
1;Betula;4;6//14;4//1;4;3;43187;72;1
1;Betula;4;6//14;4//1;4;4;43161;46;1
1;Betula;4;6//14;4//1;5;1;43154;39;1
1;Betula;4;6//14;4//1;5;2;43143;28;1
1;Betula;4;6//14;4//1;5;3;43143;28;1
1;Betula;4;6//14;4//1;5;4;43151;36;1
1;Betula;4;6//14;4//1;6;1;43161;46;1
1;Betula;4;6//14;4//1;6;2;43158;43;1
1;Betula;4;6//14;4//1;6;3;43154;39;1
1;Betula;4;6//14;4//1;6;4;43154;39;1
1;Betula;4;6//14;4//2;7;1;43185;70;1
1;Betula;4;6//14;4//2;7;2;43151;36;1
1;Betula;4;6//14;4//2;7;3;;;0
1;Betula;4;6//14;4//2;7;4;43145;30;1
1;Betula;4;6//14;4//2;8;1;43183;68;1
1;Betula;4;6//14;4//2;8;2;;;0
1;Betula;4;6//14;4//2;8;3;43158;43;1
1;Betula;4;6//14;4//2;8;4;;;0
1;Betula;4;6//14;4//2;9;1;43154;39;1
1;Betula;4;6//14;4//2;9;2;43161;46;1
1;Betula;4;6//14;4//2;9;3;43143;28;1
1;Betula;4;6//14;4//2;9;4;43164;49;1
1;Betula;4;6//14;4//2;10;1;43158;43;1
1;Betula;4;6//14;4//2;10;2;43143;28;1
1;Betula;4;6//14;4//2;10;3;43145;30;1
1;Betula;4;6//14;4//2;10;4;43143;28;1
1;Betula;4;6//14;4//2;11;1;;;0
1;Betula;4;6//14;4//2;11;2;;;0
1;Betula;4;6//14;4//2;11;3;;;0
1;Betula;4;6//14;4//2;11;4;43145;30;1
1;Betula;4;6//14;4//2;12;1;43143;28;1
1;Betula;4;6//14;4//2;12;2;43164;49;1
1;Betula;4;6//14;4//2;12;3;43154;39;1
1;Betula;4;6//14;4//2;12;4;43143;28;1
2;Betula;4;6//14;4//1;1;1;;;0
2;Betula;4;6//14;4//1;1;2;43161;32;1
2;Betula;4;6//14;4//1;1;3;43161;32;1
2;Betula;4;6//14;4//1;1;4;;;0
2;Betula;4;6//14;4//1;2;1;43185;56;1
2;Betula;4;6//14;4//1;2;2;43166;37;1
2;Betula;4;6//14;4//1;2;3;43168;39;1
2;Betula;4;6//14;4//1;2;4;43164;35;1
2;Betula;4;6//14;4//1;3;1;43180;51;1
2;Betula;4;6//14;4//1;3;2;43164;35;1
2;Betula;4;6//14;4//1;3;3;;;0
2;Betula;4;6//14;4//1;3;4;43166;37;1
2;Betula;4;6//14;4//1;4;1;43154;25;1
2;Betula;4;6//14;4//1;4;2;;;0
2;Betula;4;6//14;4//1;4;3;;;0
2;Betula;4;6//14;4//1;4;4;43145;16;1
2;Betula;4;6//14;4//1;5;1;43161;32;1
2;Betula;4;6//14;4//1;5;2;43183;54;1
2;Betula;4;6//14;4//1;5;3;43164;35;1
2;Betula;4;6//14;4//1;5;4;43158;29;1
2;Betula;4;6//14;4//1;6;1;43180;51;1
2;Betula;4;6//14;4//1;6;2;43185;56;1
2;Betula;4;6//14;4//1;6;3;;;0
2;Betula;4;6//14;4//1;6;4;;;0
2;Betula;4;6//14;4//1;7;1;43168;39;1
2;Betula;4;6//14;4//1;7;2;43161;32;1
2;Betula;4;6//14;4//1;7;3;;;0
2;Betula;4;6//14;4//1;7;4;43161;32;1
2;Betula;4;6//14;4//1;8;1;;;0
2;Betula;4;6//14;4//1;8;2;43158;29;1
2;Betula;4;6//14;4//1;8;3;43171;42;1
2;Betula;4;6//14;4//1;8;4;43180;51;1
2;Betula;4;6//14;4//2;9;1;;;0
2;Betula;4;6//14;4//2;9;2;;;0
2;Betula;4;6//14;4//2;9;3;43147;18;1
2;Betula;4;6//14;4//2;9;4;43147;18;1
2;Betula;4;6//14;4//2;10;1;43171;42;1
2;Betula;4;6//14;4//2;10;2;43168;39;1
2;Betula;4;6//14;4//2;10;3;43178;49;1
2;Betula;4;6//14;4//2;10;4;43154;25;1
2;Betula;4;6//14;4//2;11;1;43166;37;1
2;Betula;4;6//14;4//2;11;2;;;0
2;Betula;4;6//14;4//2;11;3;43174;45;1
2;Betula;4;6//14;4//2;11;4;;;0
2;Betula;4;6//14;4//2;12;1;43187;58;1
2;Betula;4;6//14;4//2;12;2;43206;77;1
2;Betula;4;6//14;4//2;12;3;43180;51;1
2;Betula;4;6//14;4//2;12;4;43180;51;1
2;Betula;4;6//14;4//2;13;1;43174;45;1
2;Betula;4;6//14;4//2;13;2;43145;16;1
2;Betula;4;6//14;4//2;13;3;43174;45;1
2;Betula;4;6//14;4//2;13;4;43154;25;1
2;Betula;4;6//14;4//2;14;1;;;0
2;Betula;4;6//14;4//2;14;2;43164;35;1
2;Betula;4;6//14;4//2;14;3;43174;45;1
2;Betula;4;6//14;4//2;14;4;43174;45;1
1;Betula;5;14//6;5//1;1;1;43183;68;1
1;Betula;5;14//6;5//1;1;2;43164;49;1
1;Betula;5;14//6;5//1;1;3;43143;28;1
1;Betula;5;14//6;5//1;1;4;43143;28;1
1;Betula;5;14//6;5//1;2;1;43145;30;1
1;Betula;5;14//6;5//1;2;2;43143;28;1
1;Betula;5;14//6;5//1;2;3;43158;43;1
1;Betula;5;14//6;5//1;2;4;43143;28;1
1;Betula;5;14//6;5//1;3;1;43143;28;1
1;Betula;5;14//6;5//1;3;2;;;0
1;Betula;5;14//6;5//1;3;3;;;0
1;Betula;5;14//6;5//1;3;4;;;0
1;Betula;5;14//6;5//1;4;1;43154;39;1
1;Betula;5;14//6;5//1;4;2;43154;39;1
1;Betula;5;14//6;5//1;4;3;43143;28;1
1;Betula;5;14//6;5//1;4;4;43147;32;1
1;Betula;5;14//6;5//1;5;1;43158;43;1
1;Betula;5;14//6;5//1;5;2;43143;28;1
1;Betula;5;14//6;5//1;5;3;43143;28;1
1;Betula;5;14//6;5//1;5;4;43143;28;1
1;Betula;5;14//6;5//2;6;1;43171;56;1
1;Betula;5;14//6;5//2;6;2;43151;36;1
1;Betula;5;14//6;5//2;6;3;43143;28;1
1;Betula;5;14//6;5//2;6;4;43143;28;1
1;Betula;5;14//6;5//2;7;1;43145;30;1
1;Betula;5;14//6;5//2;7;2;43143;28;1
1;Betula;5;14//6;5//2;7;3;43143;28;1
1;Betula;5;14//6;5//2;7;4;43154;39;1
1;Betula;5;14//6;5//2;8;1;43154;39;1
1;Betula;5;14//6;5//2;8;2;43154;39;1
1;Betula;5;14//6;5//2;8;3;;;0
1;Betula;5;14//6;5//2;8;4;;;0
1;Betula;5;14//6;5//2;9;1;43147;32;1
1;Betula;5;14//6;5//2;9;2;43147;32;1
1;Betula;5;14//6;5//2;9;3;43161;46;1
1;Betula;5;14//6;5//2;9;4;;;0
1;Betula;5;14//6;5//2;10;1;43143;28;1
1;Betula;5;14//6;5//2;10;2;43147;32;1
1;Betula;5;14//6;5//2;10;3;43145;30;1
1;Betula;5;14//6;5//2;10;4;43143;28;1
1;Betula;5;14//6;5//2;11;1;43171;56;1
1;Betula;5;14//6;5//2;11;2;43178;63;1
1;Betula;5;14//6;5//2;11;3;43178;63;1
1;Betula;5;14//6;5//2;11;4;43145;30;1
1;Betula;5;14//6;5//2;12;1;43164;49;1
1;Betula;5;14//6;5//2;12;2;43178;63;1
1;Betula;5;14//6;5//2;12;3;43147;32;1
1;Betula;5;14//6;5//2;12;4;43147;32;1
2;Betula;5;14//6;5//1;1;1;43154;25;1
2;Betula;5;14//6;5//1;1;2;43154;25;1
2;Betula;5;14//6;5//1;1;3;;;0
2;Betula;5;14//6;5//1;1;4;43154;25;1
2;Betula;5;14//6;5//1;2;1;43145;16;1
2;Betula;5;14//6;5//1;2;2;43168;39;1
2;Betula;5;14//6;5//1;2;3;43147;18;1
2;Betula;5;14//6;5//1;2;4;43168;39;1
2;Betula;5;14//6;5//1;3;1;;;0
2;Betula;5;14//6;5//1;3;2;43166;37;1
2;Betula;5;14//6;5//1;3;3;43168;39;1
2;Betula;5;14//6;5//1;3;4;43168;39;1
2;Betula;5;14//6;5//1;4;1;43147;18;1
2;Betula;5;14//6;5//1;4;2;43147;18;1
2;Betula;5;14//6;5//1;4;3;43145;16;1
2;Betula;5;14//6;5//1;4;4;43145;16;1
2;Betula;5;14//6;5//1;5;1;43145;16;1
2;Betula;5;14//6;5//1;5;2;43154;25;1
2;Betula;5;14//6;5//1;5;3;43154;25;1
2;Betula;5;14//6;5//1;5;4;43178;49;1
2;Betula;5;14//6;5//1;6;1;43171;42;1
2;Betula;5;14//6;5//1;6;2;43168;39;1
2;Betula;5;14//6;5//1;6;3;43174;45;1
2;Betula;5;14//6;5//1;6;4;43183;54;1
2;Betula;5;14//6;5//1;7;1;43166;37;1
2;Betula;5;14//6;5//1;7;2;43189;60;1
2;Betula;5;14//6;5//1;7;3;43168;39;1
2;Betula;5;14//6;5//1;7;4;43168;39;1
2;Betula;5;14//6;5//1;8;1;;;0
2;Betula;5;14//6;5//1;8;2;43154;25;1
2;Betula;5;14//6;5//1;8;3;;;0
2;Betula;5;14//6;5//1;8;4;43154;25;1
2;Betula;5;14//6;5//1;9;1;43158;29;1
2;Betula;5;14//6;5//1;9;2;43161;32;1
2;Betula;5;14//6;5//1;9;3;43154;25;1
2;Betula;5;14//6;5//1;9;4;43154;25;1
2;Betula;5;14//6;5//2;10;1;;;0
2;Betula;5;14//6;5//2;10;2;;;0
2;Betula;5;14//6;5//2;10;3;;;0
2;Betula;5;14//6;5//2;10;4;;;0
2;Betula;5;14//6;5//2;11;1;43185;56;1
2;Betula;5;14//6;5//2;11;2;43187;58;1
2;Betula;5;14//6;5//2;11;3;43168;39;1
2;Betula;5;14//6;5//2;11;4;43154;25;1
2;Betula;5;14//6;5//2;12;1;43154;25;1
2;Betula;5;14//6;5//2;12;2;43154;25;1
2;Betula;5;14//6;5//2;12;3;43154;25;1
2;Betula;5;14//6;5//2;12;4;;;0
2;Betula;5;14//6;5//2;13;1;43174;45;1
2;Betula;5;14//6;5//2;13;2;43174;45;1
2;Betula;5;14//6;5//2;13;3;43174;45;1
2;Betula;5;14//6;5//2;13;4;43168;39;1
2;Betula;5;14//6;5//2;14;1;43178;49;1
2;Betula;5;14//6;5//2;14;2;43154;25;1
2;Betula;5;14//6;5//2;14;3;43154;25;1
2;Betula;5;14//6;5//2;14;4;43166;37;1
2;Betula;5;14//6;5//2;15;1;43154;25;1
2;Betula;5;14//6;5//2;15;2;43151;22;1
2;Betula;5;14//6;5//2;15;3;;;0
2;Betula;5;14//6;5//2;15;4;43147;18;1
2;Betula;5;14//6;5//2;16;1;43189;60;1
2;Betula;5;14//6;5//2;16;2;43161;32;1
2;Betula;5;14//6;5//2;16;3;43161;32;1
2;Betula;5;14//6;5//2;16;4;43161;32;1
1;Betula;6;6//18;1//1;1;1;;;0
1;Betula;6;6//18;1//1;1;2;43143;28;1
1;Betula;6;6//18;1//1;1;3;;;0
1;Betula;6;6//18;1//1;1;4;;;0
1;Betula;6;6//18;1//1;2;1;43178;63;1
1;Betula;6;6//18;1//1;2;2;43192;77;1
1;Betula;6;6//18;1//1;2;3;43147;32;1
1;Betula;6;6//18;1//1;2;4;43147;32;1
1;Betula;6;6//18;1//1;3;1;;;0
1;Betula;6;6//18;1//1;3;2;;;0
1;Betula;6;6//18;1//1;3;3;;;0
1;Betula;6;6//18;1//1;3;4;;;0
1;Betula;6;6//18;1//1;4;1;43178;63;1
1;Betula;6;6//18;1//1;4;2;43183;68;1
1;Betula;6;6//18;1//1;4;3;43180;65;1
1;Betula;6;6//18;1//1;4;4;43154;39;1
1;Betula;6;6//18;1//1;5;1;43161;46;1
1;Betula;6;6//18;1//1;5;2;;;0
1;Betula;6;6//18;1//1;5;3;43161;46;1
1;Betula;6;6//18;1//1;5;4;;;0
1;Betula;6;6//18;1//2;6;1;;;0
1;Betula;6;6//18;1//2;6;2;;;0
1;Betula;6;6//18;1//2;6;3;;;0
1;Betula;6;6//18;1//2;6;4;;;0
1;Betula;6;6//18;1//2;7;1;;;0
1;Betula;6;6//18;1//2;7;2;;;0
1;Betula;6;6//18;1//2;7;3;;;0
1;Betula;6;6//18;1//2;7;4;;;0
1;Betula;6;6//18;1//2;8;1;;;0
1;Betula;6;6//18;1//2;8;2;;;0
1;Betula;6;6//18;1//2;8;3;;;0
1;Betula;6;6//18;1//2;8;4;;;0
1;Betula;6;6//18;1//2;9;1;43154;39;1
1;Betula;6;6//18;1//2;9;2;;;0
1;Betula;6;6//18;1//2;9;3;43154;39;1
1;Betula;6;6//18;1//2;9;4;43151;36;1
1;Betula;6;6//18;1//2;10;1;;;0
1;Betula;6;6//18;1//2;10;2;43143;28;1
1;Betula;6;6//18;1//2;10;3;;;0
1;Betula;6;6//18;1//2;10;4;43158;43;1
2;Betula;6;6//18;1//1;1;1;43196;67;1
2;Betula;6;6//18;1//1;1;2;43196;67;1
2;Betula;6;6//18;1//1;1;3;43174;45;1
2;Betula;6;6//18;1//1;1;4;43196;67;1
2;Betula;6;6//18;1//1;2;1;43151;22;1
2;Betula;6;6//18;1//1;2;2;;;0
2;Betula;6;6//18;1//1;2;3;43183;54;1
2;Betula;6;6//18;1//1;2;4;43154;25;1
2;Betula;6;6//18;1//1;3;1;43187;58;1
2;Betula;6;6//18;1//1;3;2;43180;51;1
2;Betula;6;6//18;1//1;3;3;43187;58;1
2;Betula;6;6//18;1//1;3;4;43164;35;1
2;Betula;6;6//18;1//1;4;1;;;0
2;Betula;6;6//18;1//1;4;2;;;0
2;Betula;6;6//18;1//1;4;3;43201;72;1
2;Betula;6;6//18;1//1;4;4;;;0
2;Betula;6;6//18;1//1;5;1;43196;67;1
2;Betula;6;6//18;1//1;5;2;;;0
2;Betula;6;6//18;1//1;5;3;;;0
2;Betula;6;6//18;1//1;5;4;;;0
2;Betula;6;6//18;1//1;6;1;43178;49;1
2;Betula;6;6//18;1//1;6;2;43178;49;1
2;Betula;6;6//18;1//1;6;3;43174;45;1
2;Betula;6;6//18;1//1;6;4;43174;45;1
2;Betula;6;6//18;1//1;7;1;43178;49;1
2;Betula;6;6//18;1//1;7;2;;;0
2;Betula;6;6//18;1//1;7;3;;;0
2;Betula;6;6//18;1//1;7;4;43147;18;1
2;Betula;6;6//18;1//2;8;1;43196;67;1
2;Betula;6;6//18;1//2;8;2;43192;63;1
2;Betula;6;6//18;1//2;8;3;43164;35;1
2;Betula;6;6//18;1//2;8;4;43154;25;1
2;Betula;6;6//18;1//2;9;1;43183;54;1
2;Betula;6;6//18;1//2;9;2;;;0
2;Betula;6;6//18;1//2;9;3;;;0
2;Betula;6;6//18;1//2;9;4;43166;37;1
2;Betula;6;6//18;1//2;10;1;43154;25;1
2;Betula;6;6//18;1//2;10;2;43185;56;1
2;Betula;6;6//18;1//2;10;3;;;0
2;Betula;6;6//18;1//2;10;4;;;0
2;Betula;6;6//18;1//2;11;1;43196;67;1
2;Betula;6;6//18;1//2;11;2;43158;29;1
2;Betula;6;6//18;1//2;11;3;43199;70;1
2;Betula;6;6//18;1//2;11;4;43189;60;1
2;Betula;6;6//18;1//2;12;1;43168;39;1
2;Betula;6;6//18;1//2;12;2;;;0
2;Betula;6;6//18;1//2;12;3;;;0
2;Betula;6;6//18;1//2;12;4;;;0
2;Betula;6;6//18;1//2;13;1;;;0
2;Betula;6;6//18;1//2;13;2;43158;29;1
2;Betula;6;6//18;1//2;13;3;;;0
2;Betula;6;6//18;1//2;13;4;;;0
1;Fagus;1;6//6;6//1;1;1;;;0
1;Fagus;1;6//6;6//1;1;2;43166;23;1
1;Fagus;1;6//6;6//1;1;3;43164;21;1
1;Fagus;1;6//6;6//1;1;4;43164;21;1
1;Fagus;1;6//6;6//1;2;1;43164;21;1
1;Fagus;1;6//6;6//1;2;2;43166;23;1
1;Fagus;1;6//6;6//1;2;3;43166;23;1
1;Fagus;1;6//6;6//1;2;4;43166;23;1
1;Fagus;1;6//6;6//1;3;1;43164;21;1
1;Fagus;1;6//6;6//1;3;2;43166;23;1
1;Fagus;1;6//6;6//1;3;3;43164;21;1
1;Fagus;1;6//6;6//1;3;4;43164;21;1
1;Fagus;1;6//6;6//1;4;1;43164;21;1
1;Fagus;1;6//6;6//1;4;2;43164;21;1
1;Fagus;1;6//6;6//1;4;3;43168;25;1
1;Fagus;1;6//6;6//1;4;4;;;0
1;Fagus;1;6//6;6//1;5;1;;;0
1;Fagus;1;6//6;6//1;5;2;;;0
1;Fagus;1;6//6;6//1;5;3;;;0
1;Fagus;1;6//6;6//1;5;4;43192;49;1
1;Fagus;1;6//6;6//2;6;1;43166;23;1
1;Fagus;1;6//6;6//2;6;2;43166;23;1
1;Fagus;1;6//6;6//2;6;3;43164;21;1
1;Fagus;1;6//6;6//2;6;4;43192;49;1
1;Fagus;1;6//6;6//2;7;1;43164;21;1
1;Fagus;1;6//6;6//2;7;2;43158;15;1
1;Fagus;1;6//6;6//2;7;3;43164;21;1
1;Fagus;1;6//6;6//2;7;4;43166;23;1
1;Fagus;1;6//6;6//2;8;1;;;0
1;Fagus;1;6//6;6//2;8;2;;;0
1;Fagus;1;6//6;6//2;8;3;;;0
1;Fagus;1;6//6;6//2;8;4;43166;23;1
1;Fagus;1;6//6;6//2;9;1;43166;23;1
1;Fagus;1;6//6;6//2;9;2;43166;23;1
1;Fagus;1;6//6;6//2;9;3;43164;21;1
1;Fagus;1;6//6;6//2;9;4;43161;18;1
1;Fagus;1;6//6;6//3;10;1;43164;21;1
1;Fagus;1;6//6;6//3;10;2;43166;23;1
1;Fagus;1;6//6;6//3;10;3;43164;21;1
1;Fagus;1;6//6;6//3;10;4;43192;49;1
1;Fagus;1;6//6;6//3;11;1;43192;49;1
1;Fagus;1;6//6;6//3;11;2;43192;49;1
1;Fagus;1;6//6;6//3;11;3;43168;25;1
1;Fagus;1;6//6;6//3;11;4;43166;23;1
1;Fagus;1;6//6;6//3;12;1;;;0
1;Fagus;1;6//6;6//3;12;2;43161;18;1
1;Fagus;1;6//6;6//3;12;3;43192;49;1
1;Fagus;1;6//6;6//3;12;4;43192;49;1
1;Fagus;1;6//6;6//3;13;1;;;0
1;Fagus;1;6//6;6//3;13;2;43192;49;1
1;Fagus;1;6//6;6//3;13;3;43166;23;1
1;Fagus;1;6//6;6//3;13;4;43192;49;1
1;Fagus;1;6//6;6//3;14;1;43164;21;1
1;Fagus;1;6//6;6//3;14;2;43164;21;1
1;Fagus;1;6//6;6//3;14;3;43192;49;1
1;Fagus;1;6//6;6//3;14;4;43192;49;1
1;Fagus;1;6//6;6//3;15;1;43161;18;1
1;Fagus;1;6//6;6//3;15;2;43192;49;1
1;Fagus;1;6//6;6//3;15;3;43192;49;1
1;Fagus;1;6//6;6//3;15;4;43192;49;1
1;Fagus;1;6//6;6//3;16;1;;;0
1;Fagus;1;6//6;6//3;16;2;;;0
1;Fagus;1;6//6;6//3;16;3;;;0
1;Fagus;1;6//6;6//3;16;4;;;0
1;Fagus;2;2//6;3//1;1;1;;;0
1;Fagus;2;2//6;3//1;1;2;43178;35;1
1;Fagus;2;2//6;3//1;1;3;;;0
1;Fagus;2;2//6;3//1;1;4;;;0
1;Fagus;2;2//6;3//1;2;1;;;0
1;Fagus;2;2//6;3//1;2;2;;;0
1;Fagus;2;2//6;3//1;2;3;43171;28;1
1;Fagus;2;2//6;3//1;2;4;43168;25;1
1;Fagus;2;2//6;3//1;3;1;43168;25;1
1;Fagus;2;2//6;3//1;3;2;43166;23;1
1;Fagus;2;2//6;3//1;3;3;43192;49;1
1;Fagus;2;2//6;3//1;3;4;43192;49;1
1;Fagus;2;2//6;3//1;4;1;43178;35;1
1;Fagus;2;2//6;3//1;4;2;43166;23;1
1;Fagus;2;2//6;3//1;4;3;43192;49;1
1;Fagus;2;2//6;3//1;4;4;43166;23;1
1;Fagus;2;2//6;3//1;5;1;43174;31;1
1;Fagus;2;2//6;3//1;5;2;;;0
1;Fagus;2;2//6;3//1;5;3;;;0
1;Fagus;2;2//6;3//1;5;4;;;0
1;Fagus;2;2//6;3//2;6;1;43166;23;1
1;Fagus;2;2//6;3//2;6;2;43166;23;1
1;Fagus;2;2//6;3//2;6;3;43164;21;1
1;Fagus;2;2//6;3//2;6;4;43166;23;1
1;Fagus;2;2//6;3//2;7;1;43166;23;1
1;Fagus;2;2//6;3//2;7;2;43166;23;1
1;Fagus;2;2//6;3//2;7;3;43164;21;1
1;Fagus;2;2//6;3//2;7;4;43164;21;1
1;Fagus;2;2//6;3//2;8;1;43161;18;1
1;Fagus;2;2//6;3//2;8;2;43161;18;1
1;Fagus;2;2//6;3//2;8;3;43192;49;1
1;Fagus;2;2//6;3//2;8;4;43192;49;1
1;Fagus;2;2//6;3//2;9;1;43168;25;1
1;Fagus;2;2//6;3//2;9;2;43164;21;1
1;Fagus;2;2//6;3//2;9;3;43171;28;1
1;Fagus;2;2//6;3//2;9;4;43168;25;1
1;Fagus;2;2//6;3//2;10;1;;;0
1;Fagus;2;2//6;3//2;10;2;43168;25;1
1;Fagus;2;2//6;3//2;10;3;43168;25;1
1;Fagus;2;2//6;3//2;10;4;43192;49;1
1;Fagus;2;2//6;3//2;11;1;43166;23;1
1;Fagus;2;2//6;3//2;11;2;43164;21;1
1;Fagus;2;2//6;3//2;11;3;43164;21;1
1;Fagus;2;2//6;3//2;11;4;43164;21;1
1;Fagus;2;2//6;3//3;12;1;43171;28;1
1;Fagus;2;2//6;3//3;12;2;43166;23;1
1;Fagus;2;2//6;3//3;12;3;43192;49;1
1;Fagus;2;2//6;3//3;12;4;43192;49;1
1;Fagus;2;2//6;3//3;13;1;43178;35;1
1;Fagus;2;2//6;3//3;13;2;43178;35;1
1;Fagus;2;2//6;3//3;13;3;43189;46;1
1;Fagus;2;2//6;3//3;13;4;43189;46;1
1;Fagus;2;2//6;3//3;14;1;43171;28;1
1;Fagus;2;2//6;3//3;14;2;;;0
1;Fagus;2;2//6;3//3;14;3;43166;23;1
1;Fagus;2;2//6;3//3;14;4;43168;25;1
1;Fagus;2;2//6;3//3;15;1;43166;23;1
1;Fagus;2;2//6;3//3;15;2;;;0
1;Fagus;2;2//6;3//3;15;3;43192;49;1
1;Fagus;2;2//6;3//3;15;4;43192;49;1
1;Fagus;2;2//6;3//3;16;1;43164;21;1
1;Fagus;2;2//6;3//3;16;2;43174;31;1
1;Fagus;2;2//6;3//3;16;3;43174;31;1
1;Fagus;2;2//6;3//3;16;4;43192;49;1
1;Fagus;2;2//6;3//3;17;1;;;0
1;Fagus;2;2//6;3//3;17;2;;;0
1;Fagus;2;2//6;3//3;17;3;43192;49;1
1;Fagus;2;2//6;3//3;17;4;43192;49;1
1;Fagus;2;2//6;3//3;18;1;43166;23;1
1;Fagus;2;2//6;3//3;18;2;43192;49;1
1;Fagus;2;2//6;3//3;18;3;43192;49;1
1;Fagus;2;2//6;3//3;18;4;43192;49;1
1;Fagus;2;2//6;3//3;19;1;43164;21;1
1;Fagus;2;2//6;3//3;19;2;43192;49;1
1;Fagus;2;2//6;3//3;19;3;43192;49;1
1;Fagus;2;2//6;3//3;19;4;43192;49;1
1;Fagus;3;6//10;2//1;1;1;;;0
1;Fagus;3;6//10;2//1;1;2;;;0
1;Fagus;3;6//10;2//1;1;3;;;0
1;Fagus;3;6//10;2//1;1;4;;;0
1;Fagus;3;6//10;2//1;2;1;43164;21;1
1;Fagus;3;6//10;2//1;2;2;;;0
1;Fagus;3;6//10;2//1;2;3;;;0
1;Fagus;3;6//10;2//1;2;4;43164;21;1
1;Fagus;3;6//10;2//1;3;1;;;0
1;Fagus;3;6//10;2//1;3;2;;;0
1;Fagus;3;6//10;2//1;3;3;;;0
1;Fagus;3;6//10;2//1;3;4;;;0
1;Fagus;3;6//10;2//1;4;1;43154;11;1
1;Fagus;3;6//10;2//1;4;2;;;0
1;Fagus;3;6//10;2//1;4;3;;;0
1;Fagus;3;6//10;2//1;4;4;43164;21;1
1;Fagus;3;6//10;2//1;5;1;;;0
1;Fagus;3;6//10;2//1;5;2;;;0
1;Fagus;3;6//10;2//1;5;3;;;0
1;Fagus;3;6//10;2//1;5;4;43192;49;1
1;Fagus;3;6//10;2//1;6;1;43174;31;1
1;Fagus;3;6//10;2//1;6;2;43174;31;1
1;Fagus;3;6//10;2//1;6;3;43174;31;1
1;Fagus;3;6//10;2//1;6;4;43174;31;1
1;Fagus;3;6//10;2//2;7;1;43166;23;1
1;Fagus;3;6//10;2//2;7;2;43168;25;1
1;Fagus;3;6//10;2//2;7;3;43166;23;1
1;Fagus;3;6//10;2//2;7;4;43161;18;1
1;Fagus;3;6//10;2//2;8;1;43166;23;1
1;Fagus;3;6//10;2//2;8;2;43168;25;1
1;Fagus;3;6//10;2//2;8;3;;;0
1;Fagus;3;6//10;2//2;8;4;43166;23;1
1;Fagus;3;6//10;2//2;9;1;;;0
1;Fagus;3;6//10;2//2;9;2;;;0
1;Fagus;3;6//10;2//2;9;3;43168;25;1
1;Fagus;3;6//10;2//2;9;4;43168;25;1
1;Fagus;3;6//10;2//2;10;1;43164;21;1
1;Fagus;3;6//10;2//2;10;2;43164;21;1
1;Fagus;3;6//10;2//2;10;3;43161;18;1
1;Fagus;3;6//10;2//2;10;4;43166;23;1
1;Fagus;3;6//10;2//2;11;1;;;0
1;Fagus;3;6//10;2//2;11;2;;;0
1;Fagus;3;6//10;2//2;11;3;43182;39;1
1;Fagus;3;6//10;2//2;11;4;43178;35;1
1;Fagus;3;6//10;2//3;12;1;43164;21;1
1;Fagus;3;6//10;2//3;12;2;43166;23;1
1;Fagus;3;6//10;2//3;12;3;43164;21;1
1;Fagus;3;6//10;2//3;12;4;43174;31;1
1;Fagus;3;6//10;2//3;12;1;43164;21;1
1;Fagus;3;6//10;2//3;12;2;43166;23;1
1;Fagus;3;6//10;2//3;12;3;43166;23;1
1;Fagus;3;6//10;2//3;12;4;;;0
1;Fagus;3;6//10;2//3;13;1;43166;23;1
1;Fagus;3;6//10;2//3;13;2;43166;23;1
1;Fagus;3;6//10;2//3;13;3;43164;21;1
1;Fagus;3;6//10;2//3;13;4;43164;21;1
1;Fagus;3;6//10;2//3;14;1;43168;25;1
1;Fagus;3;6//10;2//3;14;2;43168;25;1
1;Fagus;3;6//10;2//3;14;3;43168;25;1
1;Fagus;3;6//10;2//3;14;4;43166;23;1
1;Fagus;3;6//10;2//3;15;1;43166;23;1
1;Fagus;3;6//10;2//3;15;2;43166;23;1
1;Fagus;3;6//10;2//3;15;3;43166;23;1
1;Fagus;3;6//10;2//3;15;4;43192;49;1
1;Fagus;4;6//14;4//1;1;1;43147;4;1
1;Fagus;4;6//14;4//1;1;2;43151;8;1
1;Fagus;4;6//14;4//1;1;3;43192;49;1
1;Fagus;4;6//14;4//1;1;4;43192;49;1
1;Fagus;4;6//14;4//1;2;1;;;0
1;Fagus;4;6//14;4//1;2;2;;;0
1;Fagus;4;6//14;4//1;2;3;;;0
1;Fagus;4;6//14;4//1;2;4;;;0
1;Fagus;4;6//14;4//1;3;1;43151;8;1
1;Fagus;4;6//14;4//1;3;2;;;0
1;Fagus;4;6//14;4//1;3;3;43151;8;1
1;Fagus;4;6//14;4//1;3;4;;;0
1;Fagus;4;6//14;4//1;4;1;43154;11;1
1;Fagus;4;6//14;4//1;4;2;;;0
1;Fagus;4;6//14;4//1;4;3;43158;15;1
1;Fagus;4;6//14;4//1;4;4;43154;11;1
1;Fagus;4;6//14;4//1;5;1;43151;8;1
1;Fagus;4;6//14;4//1;5;2;43192;49;1
1;Fagus;4;6//14;4//1;5;3;43192;49;1
1;Fagus;4;6//14;4//1;5;4;43192;49;1
1;Fagus;4;6//14;4//1;6;1;43192;49;1
1;Fagus;4;6//14;4//1;6;2;43168;25;1
1;Fagus;4;6//14;4//1;6;3;43168;25;1
1;Fagus;4;6//14;4//1;6;4;43178;35;1
1;Fagus;4;6//14;4//2;7;1;43151;8;1
1;Fagus;4;6//14;4//2;7;2;43151;8;1
1;Fagus;4;6//14;4//2;7;3;43151;8;1
1;Fagus;4;6//14;4//2;7;4;43151;8;1
1;Fagus;4;6//14;4//2;8;1;43154;11;1
1;Fagus;4;6//14;4//2;8;2;43154;11;1
1;Fagus;4;6//14;4//2;8;3;43151;8;1
1;Fagus;4;6//14;4//2;8;4;43151;8;1
1;Fagus;4;6//14;4//2;9;1;;;0
1;Fagus;4;6//14;4//2;9;2;43158;15;1
1;Fagus;4;6//14;4//2;9;3;43158;15;1
1;Fagus;4;6//14;4//2;9;4;;;0
1;Fagus;4;6//14;4//2;10;1;43151;8;1
1;Fagus;4;6//14;4//2;10;2;43151;8;1
1;Fagus;4;6//14;4//2;10;3;;;0
1;Fagus;4;6//14;4//2;10;4;43192;49;1
1;Fagus;4;6//14;4//2;11;1;43154;11;1
1;Fagus;4;6//14;4//2;11;2;43161;18;1
1;Fagus;4;6//14;4//2;11;3;;;0
1;Fagus;4;6//14;4//2;11;4;;;0
1;Fagus;4;6//14;4//3;12;1;43161;18;1
1;Fagus;4;6//14;4//3;12;2;43154;11;1
1;Fagus;4;6//14;4//3;12;3;;;0
1;Fagus;4;6//14;4//3;12;4;43151;8;1
1;Fagus;4;6//14;4//3;13;1;43151;8;1
1;Fagus;4;6//14;4//3;13;2;43161;18;1
1;Fagus;4;6//14;4//3;13;3;43154;11;1
1;Fagus;4;6//14;4//3;13;4;43154;11;1
1;Fagus;4;6//14;4//3;14;1;43151;8;1
1;Fagus;4;6//14;4//3;14;2;43151;8;1
1;Fagus;4;6//14;4//3;14;3;43151;8;1
1;Fagus;4;6//14;4//3;14;4;43151;8;1
1;Fagus;4;6//14;4//3;15;1;;;0
1;Fagus;4;6//14;4//3;15;2;;;0
1;Fagus;4;6//14;4//3;15;3;43192;49;1
1;Fagus;4;6//14;4//3;15;4;43192;49;1
1;Fagus;4;6//14;4//3;16;1;43151;8;1
1;Fagus;4;6//14;4//3;16;2;43192;49;1
1;Fagus;4;6//14;4//3;16;3;43151;8;1
1;Fagus;4;6//14;4//3;16;4;43154;11;1
1;Fagus;4;6//14;4//3;17;1;;;0
1;Fagus;4;6//14;4//3;17;2;;;0
1;Fagus;4;6//14;4//3;17;3;43192;49;1
1;Fagus;4;6//14;4//3;17;4;43192;49;1
1;Fagus;5;14//6;5//1;1;1;43166;23;1
1;Fagus;5;14//6;5//1;1;2;43166;23;1
1;Fagus;5;14//6;5//1;1;3;43166;23;1
1;Fagus;5;14//6;5//1;1;4;43161;18;1
1;Fagus;5;14//6;5//1;2;1;43168;25;1
1;Fagus;5;14//6;5//1;2;2;43166;23;1
1;Fagus;5;14//6;5//1;2;3;43174;31;1
1;Fagus;5;14//6;5//1;2;4;43168;25;1
1;Fagus;5;14//6;5//1;3;1;43164;21;1
1;Fagus;5;14//6;5//1;3;2;43171;28;1
1;Fagus;5;14//6;5//1;3;3;43178;35;1
1;Fagus;5;14//6;5//1;3;4;43161;18;1
1;Fagus;5;14//6;5//1;4;1;43168;25;1
1;Fagus;5;14//6;5//1;4;2;43168;25;1
1;Fagus;5;14//6;5//1;4;3;43168;25;1
1;Fagus;5;14//6;5//1;4;4;43192;49;1
1;Fagus;5;14//6;5//1;5;1;43158;15;1
1;Fagus;5;14//6;5//1;5;2;43166;23;1
1;Fagus;5;14//6;5//1;5;3;43166;23;1
1;Fagus;5;14//6;5//1;5;4;43192;49;1
1;Fagus;5;14//6;5//1;6;1;;;0
1;Fagus;5;14//6;5//1;6;2;43178;35;1
1;Fagus;5;14//6;5//1;6;3;43192;49;1
1;Fagus;5;14//6;5//1;6;4;43192;49;1
1;Fagus;5;14//6;5//2;7;1;;;0
1;Fagus;5;14//6;5//2;7;2;;;0
1;Fagus;5;14//6;5//2;7;3;;;0
1;Fagus;5;14//6;5//2;7;4;43164;21;1
1;Fagus;5;14//6;5//2;8;1;43164;21;1
1;Fagus;5;14//6;5//2;8;2;43166;23;1
1;Fagus;5;14//6;5//2;8;3;43158;15;1
1;Fagus;5;14//6;5//2;8;4;43158;15;1
1;Fagus;5;14//6;5//2;9;1;43161;18;1
1;Fagus;5;14//6;5//2;9;2;43166;23;1
1;Fagus;5;14//6;5//2;9;3;43161;18;1
1;Fagus;5;14//6;5//2;9;4;43161;18;1
1;Fagus;5;14//6;5//2;10;1;43161;18;1
1;Fagus;5;14//6;5//2;10;2;43161;18;1
1;Fagus;5;14//6;5//2;10;3;43161;18;1
1;Fagus;5;14//6;5//2;10;4;43158;15;1
1;Fagus;5;14//6;5//2;11;1;;;0
1;Fagus;5;14//6;5//2;11;2;;;0
1;Fagus;5;14//6;5//2;11;3;;;0
1;Fagus;5;14//6;5//2;11;4;;;0
1;Fagus;5;14//6;5//2;12;1;43154;11;1
1;Fagus;5;14//6;5//2;12;2;;;0
1;Fagus;5;14//6;5//2;12;3;43164;21;1
1;Fagus;5;14//6;5//2;12;4;;;0
1;Fagus;5;14//6;5//3;13;1;43164;21;1
1;Fagus;5;14//6;5//3;13;2;43161;18;1
1;Fagus;5;14//6;5//3;13;3;43158;15;1
1;Fagus;5;14//6;5//3;13;4;43192;49;1
1;Fagus;5;14//6;5//3;14;1;;;0
1;Fagus;5;14//6;5//3;14;2;;;0
1;Fagus;5;14//6;5//3;14;3;;;0
1;Fagus;5;14//6;5//3;14;4;43168;25;1
1;Fagus;5;14//6;5//3;15;1;;;0
1;Fagus;5;14//6;5//3;15;2;;;0
1;Fagus;5;14//6;5//3;15;3;;;0
1;Fagus;5;14//6;5//3;15;4;43174;31;1
1;Fagus;5;14//6;5//3;16;1;43164;21;1
1;Fagus;5;14//6;5//3;16;2;43158;15;1
1;Fagus;5;14//6;5//3;16;3;43164;21;1
1;Fagus;5;14//6;5//3;16;4;43158;15;1
1;Fagus;5;14//6;5//3;17;1;;;0
1;Fagus;5;14//6;5//3;17;2;;;0
1;Fagus;5;14//6;5//3;17;3;;;0
1;Fagus;5;14//6;5//3;17;4;;;0
1;Fagus;6;6//18;1//1;1;1;43151;8;1
1;Fagus;6;6//18;1//1;1;2;;;0
1;Fagus;6;6//18;1//1;1;3;43151;8;1
1;Fagus;6;6//18;1//1;1;4;43151;8;1
1;Fagus;6;6//18;1//1;2;1;43147;4;1
1;Fagus;6;6//18;1//1;2;2;;;0
1;Fagus;6;6//18;1//1;2;3;;;0
1;Fagus;6;6//18;1//1;2;4;43151;8;1
1;Fagus;6;6//18;1//1;3;1;43147;4;1
1;Fagus;6;6//18;1//1;3;2;;;0
1;Fagus;6;6//18;1//1;3;3;43151;8;1
1;Fagus;6;6//18;1//1;3;4;;;0
1;Fagus;6;6//18;1//1;4;1;43158;15;1
1;Fagus;6;6//18;1//1;4;2;43151;8;1
1;Fagus;6;6//18;1//1;4;3;43154;11;1
1;Fagus;6;6//18;1//1;4;4;43154;11;1
1;Fagus;6;6//18;1//1;5;1;;;0
1;Fagus;6;6//18;1//1;5;2;;;0
1;Fagus;6;6//18;1//1;5;3;;;0
1;Fagus;6;6//18;1//1;5;4;;;0
1;Fagus;6;6//18;1//2;6;1;;;0
1;Fagus;6;6//18;1//2;6;2;;;0
1;Fagus;6;6//18;1//2;6;3;43192;49;1
1;Fagus;6;6//18;1//2;6;4;43192;49;1
1;Fagus;6;6//18;1//2;7;1;43174;31;1
1;Fagus;6;6//18;1//2;7;2;43151;8;1
1;Fagus;6;6//18;1//2;7;3;43151;8;1
1;Fagus;6;6//18;1//2;7;4;;;0
1;Fagus;6;6//18;1//2;8;1;43147;4;1
1;Fagus;6;6//18;1//2;8;2;43147;4;1
1;Fagus;6;6//18;1//2;8;3;43151;8;1
1;Fagus;6;6//18;1//2;8;4;43192;49;1
1;Fagus;6;6//18;1//2;9;1;43151;8;1
1;Fagus;6;6//18;1//2;9;2;43151;8;1
1;Fagus;6;6//18;1//2;9;3;43164;21;1
1;Fagus;6;6//18;1//2;9;4;43164;21;1
1;Fagus;6;6//18;1//2;10;1;43147;4;1
1;Fagus;6;6//18;1//2;10;2;43147;4;1
1;Fagus;6;6//18;1//2;10;3;43147;4;1
1;Fagus;6;6//18;1//2;10;4;;;0
1;Fagus;6;6//18;1//3;11;1;;;0
1;Fagus;6;6//18;1//3;11;2;;;0
1;Fagus;6;6//18;1//3;11;3;;;0
1;Fagus;6;6//18;1//3;11;4;;;0
1;Fagus;6;6//18;1//3;12;1;43147;4;1
1;Fagus;6;6//18;1//3;12;2;43147;4;1
1;Fagus;6;6//18;1//3;12;3;43192;49;1
1;Fagus;6;6//18;1//3;12;4;43192;49;1
1;Fagus;6;6//18;1//3;13;1;43182;39;1
1;Fagus;6;6//18;1//3;13;2;;;0
1;Fagus;6;6//18;1//3;13;3;43192;49;1
1;Fagus;6;6//18;1//3;13;4;43192;49;1
1;Fagus;6;6//18;1//3;14;1;;;0
1;Fagus;6;6//18;1//3;14;2;;;0
1;Fagus;6;6//18;1//3;14;3;;;0
1;Fagus;6;6//18;1//3;14;4;;;0
1;Fagus;6;6//18;1//3;15;1;;;0
1;Fagus;6;6//18;1//3;15;2;;;0
1;Fagus;6;6//18;1//3;15;3;;;0
1;Fagus;6;6//18;1//3;15;4;;;0
1;Quercus;1;6//6;6//1;1;1;43151;29;1
1;Quercus;1;6//6;6//1;1;2;43151;29;1
1;Quercus;1;6//6;6//1;1;3;43151;29;1
1;Quercus;1;6//6;6//1;1;4;43151;29;1
1;Quercus;1;6//6;6//1;2;1;43154;32;1
1;Quercus;1;6//6;6//1;2;2;43151;29;1
1;Quercus;1;6//6;6//1;2;3;;;0
1;Quercus;1;6//6;6//1;3;1;43154;32;1
1;Quercus;1;6//6;6//1;3;2;43164;42;1
1;Quercus;1;6//6;6//1;3;3;43164;42;1
1;Quercus;1;6//6;6//1;4;1;43151;29;1
1;Quercus;1;6//6;6//1;4;2;43151;29;1
1;Quercus;1;6//6;6//1;4;3;43192;70;1
1;Quercus;1;6//6;6//2;5;1;43158;36;1
1;Quercus;1;6//6;6//2;5;2;43154;32;1
1;Quercus;1;6//6;6//2;5;3;43154;32;1
1;Quercus;1;6//6;6//2;5;4;43154;32;1
1;Quercus;1;6//6;6//2;6;1;43151;29;1
1;Quercus;1;6//6;6//2;6;2;43147;25;1
1;Quercus;1;6//6;6//2;6;3;43151;29;1
1;Quercus;1;6//6;6//2;7;1;43154;32;1
1;Quercus;1;6//6;6//2;7;2;;;0
1;Quercus;1;6//6;6//2;7;3;43154;32;1
1;Quercus;1;6//6;6//2;7;4;;;0
1;Quercus;1;6//6;6//3;8;1;43151;29;1
1;Quercus;1;6//6;6//3;8;2;43151;29;1
1;Quercus;1;6//6;6//3;9;1;;;0
1;Quercus;1;6//6;6//3;9;2;;;0
1;Quercus;1;6//6;6//3;10;1;43154;32;1
1;Quercus;1;6//6;6//3;10;2;43154;32;1
1;Quercus;1;6//6;6//3;11;1;43154;32;1
1;Quercus;1;6//6;6//3;11;2;43154;32;1
2;Quercus;1;6//6;6//1;1;1;43161;25;1
2;Quercus;1;6//6;6//1;1;2;43161;25;1
2;Quercus;1;6//6;6//1;2;1;43161;25;1
2;Quercus;1;6//6;6//1;2;2;43161;25;1
2;Quercus;1;6//6;6//1;2;3;43164;28;1
2;Quercus;1;6//6;6//1;3;1;43161;25;1
2;Quercus;1;6//6;6//1;3;2;43164;28;1
2;Quercus;1;6//6;6//1;3;3;43164;28;1
2;Quercus;1;6//6;6//1;4;1;43164;28;1
2;Quercus;1;6//6;6//1;4;2;43164;28;1
2;Quercus;1;6//6;6//2;5;1;43158;22;1
2;Quercus;1;6//6;6//2;5;2;43158;22;1
2;Quercus;1;6//6;6//2;5;3;43158;22;1
2;Quercus;1;6//6;6//2;5;4;43168;32;1
2;Quercus;1;6//6;6//2;5;5;43173;37;1
2;Quercus;1;6//6;6//2;6;1;43158;22;1
2;Quercus;1;6//6;6//2;6;2;43158;22;1
2;Quercus;1;6//6;6//2;6;3;43158;22;1
2;Quercus;1;6//6;6//2;7;1;43164;28;1
2;Quercus;1;6//6;6//2;8;1;43161;25;1
2;Quercus;1;6//6;6//3;9;1;43161;25;1
2;Quercus;1;6//6;6//3;9;2;43164;28;1
2;Quercus;1;6//6;6//3;9;3;;;0
2;Quercus;1;6//6;6//3;10;1;43158;22;1
2;Quercus;1;6//6;6//3;10;2;43158;22;1
2;Quercus;1;6//6;6//3;10;3;43158;22;1
2;Quercus;1;6//6;6//3;11;1;43158;22;1
2;Quercus;1;6//6;6//3;11;2;43168;32;1
2;Quercus;1;6//6;6//3;11;3;43161;25;1
1;Quercus;2;2//6;3//1;1;1;43166;44;1
1;Quercus;2;2//6;3//1;1;2;43158;36;1
1;Quercus;2;2//6;3//1;1;3;43158;36;1
1;Quercus;2;2//6;3//1;1;4;43158;36;1
1;Quercus;2;2//6;3//1;2;1;43158;36;1
1;Quercus;2;2//6;3//1;2;2;43158;36;1
1;Quercus;2;2//6;3//1;2;3;43158;36;1
1;Quercus;2;2//6;3//1;3;1;43158;36;1
1;Quercus;2;2//6;3//1;4;1;43161;39;1
1;Quercus;2;2//6;3//1;4;2;;;0
1;Quercus;2;2//6;3//1;4;3;43161;39;1
1;Quercus;2;2//6;3//2;5;1;;;0
1;Quercus;2;2//6;3//2;5;2;43158;36;1
1;Quercus;2;2//6;3//2;5;3;43164;42;1
1;Quercus;2;2//6;3//2;6;1;43164;42;1
1;Quercus;2;2//6;3//2;6;2;43161;39;1
1;Quercus;2;2//6;3//2;6;3;;;0
1;Quercus;2;2//6;3//2;7;1;43158;36;1
1;Quercus;2;2//6;3//2;7;2;43158;36;1
1;Quercus;2;2//6;3//2;7;3;43174;52;1
1;Quercus;2;2//6;3//2;7;4;;;0
1;Quercus;2;2//6;3//3;8;1;43158;36;1
1;Quercus;2;2//6;3//3;8;2;43154;32;1
1;Quercus;2;2//6;3//3;8;3;43158;36;1
1;Quercus;2;2//6;3//3;8;4;43158;36;1
1;Quercus;2;2//6;3//3;9;1;43158;36;1
1;Quercus;2;2//6;3//3;9;2;;;0
1;Quercus;2;2//6;3//3;9;3;43158;36;1
1;Quercus;2;2//6;3//3;9;4;43158;36;1
1;Quercus;2;2//6;3//3;10;1;43164;42;1
1;Quercus;2;2//6;3//3;10;2;43161;39;1
1;Quercus;2;2//6;3//3;10;3;43158;36;1
1;Quercus;2;2//6;3//3;10;4;43161;39;1
1;Quercus;2;2//6;3//3;11;1;43161;39;1
1;Quercus;2;2//6;3//3;11;2;43166;44;1
1;Quercus;2;2//6;3//3;11;3;43158;36;1
1;Quercus;2;2//6;3//3;11;4;43161;39;1
2;Quercus;2;2//6;3//1;1;1;43168;32;1
2;Quercus;2;2//6;3//1;1;2;;;0
2;Quercus;2;2//6;3//1;1;3;43175;39;1
2;Quercus;2;2//6;3//1;1;4;;;0
2;Quercus;2;2//6;3//1;2;1;43171;35;1
2;Quercus;2;2//6;3//1;2;2;43171;35;1
2;Quercus;2;2//6;3//1;2;3;43171;35;1
2;Quercus;2;2//6;3//1;3;1;43166;30;1
2;Quercus;2;2//6;3//1;3;2;43166;30;1
2;Quercus;2;2//6;3//1;4;1;43171;35;1
2;Quercus;2;2//6;3//1;4;2;43171;35;1
2;Quercus;2;2//6;3//2;5;1;43168;32;1
2;Quercus;2;2//6;3//2;5;2;43168;32;1
2;Quercus;2;2//6;3//2;5;3;;;0
2;Quercus;2;2//6;3//2;6;1;43164;28;1
2;Quercus;2;2//6;3//2;6;2;43164;28;1
2;Quercus;2;2//6;3//2;6;3;43164;28;1
2;Quercus;2;2//6;3//2;6;4;43164;28;1
2;Quercus;2;2//6;3//2;7;1;43168;32;1
2;Quercus;2;2//6;3//2;7;2;43168;32;1
2;Quercus;2;2//6;3//2;7;3;43171;35;1
2;Quercus;2;2//6;3//2;8;1;;;0
2;Quercus;2;2//6;3//2;8;2;43168;32;1
2;Quercus;2;2//6;3//2;8;3;43171;35;1
2;Quercus;2;2//6;3//3;9;1;43166;30;1
2;Quercus;2;2//6;3//3;9;2;43166;30;1
2;Quercus;2;2//6;3//3;9;3;43166;30;1
2;Quercus;2;2//6;3//3;9;4;43166;30;1
2;Quercus;2;2//6;3//3;10;1;43166;30;1
2;Quercus;2;2//6;3//3;10;2;43166;30;1
2;Quercus;2;2//6;3//3;11;1;43171;35;1
2;Quercus;2;2//6;3//3;11;2;43187;51;1
2;Quercus;2;2//6;3//3;11;3;43171;35;1
2;Quercus;2;2//6;3//3;12;1;43171;35;1
2;Quercus;2;2//6;3//3;12;2;43171;35;1
2;Quercus;2;2//6;3//3;12;3;43185;49;1
2;Quercus;2;2//6;3//3;12;4;43171;35;1
1;Quercus;3;6//10;2//1;1;1;43151;29;1
1;Quercus;3;6//10;2//1;1;2;43151;29;1
1;Quercus;3;6//10;2//1;1;3;43151;29;1
1;Quercus;3;6//10;2//1;1;4;43151;29;1
1;Quercus;3;6//10;2//1;2;1;43151;29;1
1;Quercus;3;6//10;2//1;2;2;43151;29;1
1;Quercus;3;6//10;2//1;2;3;43151;29;1
1;Quercus;3;6//10;2//1;2;4;;;0
1;Quercus;3;6//10;2//1;3;1;43154;32;1
1;Quercus;3;6//10;2//1;3;2;43158;36;1
1;Quercus;3;6//10;2//1;3;3;43151;29;1
1;Quercus;3;6//10;2//1;3;4;43151;29;1
1;Quercus;3;6//10;2//2;4;1;43151;29;1
1;Quercus;3;6//10;2//2;4;2;43151;29;1
1;Quercus;3;6//10;2//2;5;1;43151;29;1
1;Quercus;3;6//10;2//2;5;2;43151;29;1
1;Quercus;3;6//10;2//2;5;3;43151;29;1
1;Quercus;3;6//10;2//2;6;1;43151;29;1
1;Quercus;3;6//10;2//2;6;2;43151;29;1
1;Quercus;3;6//10;2//2;6;3;;;0
1;Quercus;3;6//10;2//2;6;4;;;0
1;Quercus;3;6//10;2//3;7;1;43151;29;1
1;Quercus;3;6//10;2//3;8;1;;;0
1;Quercus;3;6//10;2//3;8;2;;;0
1;Quercus;3;6//10;2//3;8;3;;;0
1;Quercus;3;6//10;2//3;9;1;43145;23;1
1;Quercus;3;6//10;2//3;9;2;43151;29;1
1;Quercus;3;6//10;2//3;9;3;43151;29;1
1;Quercus;3;6//10;2//3;10;1;;;0
2;Quercus;3;6//10;2//1;1;1;43158;22;1
2;Quercus;3;6//10;2//1;1;2;43158;22;1
2;Quercus;3;6//10;2//1;1;3;;;0
2;Quercus;3;6//10;2//1;2;1;43166;30;1
2;Quercus;3;6//10;2//1;2;2;43164;28;1
2;Quercus;3;6//10;2//1;2;3;43164;28;1
2;Quercus;3;6//10;2//1;2;4;43164;28;1
2;Quercus;3;6//10;2//1;2;5;43166;30;1
2;Quercus;3;6//10;2//1;3;1;43161;25;1
2;Quercus;3;6//10;2//1;3;2;43161;25;1
2;Quercus;3;6//10;2//1;3;3;43164;28;1
2;Quercus;3;6//10;2//1;4;1;;;0
2;Quercus;3;6//10;2//1;4;2;;;0
2;Quercus;3;6//10;2//1;4;3;;;0
2;Quercus;3;6//10;2//1;4;4;;;0
2;Quercus;3;6//10;2//2;5;1;43164;28;1
2;Quercus;3;6//10;2//2;5;2;43164;28;1
2;Quercus;3;6//10;2//2;5;3;43164;28;1
2;Quercus;3;6//10;2//2;6;1;43161;25;1
2;Quercus;3;6//10;2//2;6;2;43161;25;1
2;Quercus;3;6//10;2//2;6;3;43161;25;1
2;Quercus;3;6//10;2//2;6;4;43161;25;1
2;Quercus;3;6//10;2//2;7;1;43161;25;1
2;Quercus;3;6//10;2//2;7;2;43158;22;1
2;Quercus;3;6//10;2//2;7;3;43158;22;1
2;Quercus;3;6//10;2//2;7;4;43161;25;1
2;Quercus;3;6//10;2//2;8;1;43164;28;1
2;Quercus;3;6//10;2//2;8;2;43166;30;1
2;Quercus;3;6//10;2//2;8;3;43164;28;1
2;Quercus;3;6//10;2//3;9;1;43164;28;1
2;Quercus;3;6//10;2//3;9;2;43164;28;1
2;Quercus;3;6//10;2//3;10;1;43164;28;1
2;Quercus;3;6//10;2//3;10;2;43164;28;1
2;Quercus;3;6//10;2//3;10;3;43164;28;1
2;Quercus;3;6//10;2//3;10;4;43166;30;1
2;Quercus;3;6//10;2//3;11;1;43164;28;1
2;Quercus;3;6//10;2//3;11;2;43164;28;1
2;Quercus;3;6//10;2//3;11;3;43164;28;1
2;Quercus;3;6//10;2//3;11;4;;;0
2;Quercus;3;6//10;2//3;12;1;43166;30;1
2;Quercus;3;6//10;2//3;12;2;;;0
2;Quercus;3;6//10;2//3;12;3;43164;28;1
1;Quercus;4;6//14;4//1;12;1;43151;29;1
1;Quercus;4;6//14;4//1;1;2;43151;29;1
1;Quercus;4;6//14;4//1;1;3;;;0
1;Quercus;4;6//14;4//1;1;4;43151;29;1
1;Quercus;4;6//14;4//1;2;1;43151;29;1
1;Quercus;4;6//14;4//1;2;2;43151;29;1
1;Quercus;4;6//14;4//1;3;1;43151;29;1
1;Quercus;4;6//14;4//1;3;2;43151;29;1
1;Quercus;4;6//14;4//2;4;1;43158;36;1
1;Quercus;4;6//14;4//2;4;2;;;0
1;Quercus;4;6//14;4//2;4;3;;;0
1;Quercus;4;6//14;4//2;5;1;;;0
1;Quercus;4;6//14;4//2;6;1;43147;25;1
1;Quercus;4;6//14;4//2;6;2;43147;25;1
1;Quercus;4;6//14;4//2;6;3;43145;23;1
1;Quercus;4;6//14;4//2;6;4;;;0
1;Quercus;4;6//14;4//2;7;1;43151;29;1
1;Quercus;4;6//14;4//3;8;1;43154;32;1
1;Quercus;4;6//14;4//3;8;2;;;0
1;Quercus;4;6//14;4//3;8;3;43158;36;1
1;Quercus;4;6//14;4//3;8;4;43154;32;1
1;Quercus;4;6//14;4//3;9;1;43147;25;1
1;Quercus;4;6//14;4//3;9;2;43147;25;1
1;Quercus;4;6//14;4//3;9;3;43151;29;1
1;Quercus;4;6//14;4//3;9;4;43151;29;1
1;Quercus;4;6//14;4//3;10;1;43154;32;1
1;Quercus;4;6//14;4//3;10;2;43158;36;1
1;Quercus;4;6//14;4//3;10;3;;;0
2;Quercus;4;6//14;4//1;1;1;43161;25;1
2;Quercus;4;6//14;4//1;1;2;43161;25;1
2;Quercus;4;6//14;4//1;1;3;43158;22;1
2;Quercus;4;6//14;4//1;1;4;43161;25;1
2;Quercus;4;6//14;4//1;2;1;43158;22;1
2;Quercus;4;6//14;4//1;2;2;43158;22;1
2;Quercus;4;6//14;4//1;2;3;43166;30;1
2;Quercus;4;6//14;4//1;2;4;43161;25;1
2;Quercus;4;6//14;4//1;3;1;43161;25;1
2;Quercus;4;6//14;4//1;4;1;43158;22;1
2;Quercus;4;6//14;4//1;4;2;43158;22;1
2;Quercus;4;6//14;4//1;4;3;43161;25;1
2;Quercus;4;6//14;4//1;4;4;;;0
2;Quercus;4;6//14;4//2;5;1;43158;22;1
2;Quercus;4;6//14;4//2;5;2;43158;22;1
2;Quercus;4;6//14;4//2;5;3;43164;28;1
2;Quercus;4;6//14;4//2;6;1;43161;25;1
2;Quercus;4;6//14;4//2;6;2;43158;22;1
2;Quercus;4;6//14;4//2;7;1;43158;22;1
2;Quercus;4;6//14;4//2;7;2;43158;22;1
2;Quercus;4;6//14;4//2;7;3;43158;22;1
2;Quercus;4;6//14;4//2;7;4;43164;28;1
2;Quercus;4;6//14;4//2;8;1;43161;25;1
2;Quercus;4;6//14;4//2;8;2;43161;25;1
2;Quercus;4;6//14;4//2;8;3;43161;25;1
2;Quercus;4;6//14;4//2;9;1;43161;25;1
2;Quercus;4;6//14;4//2;9;2;43158;22;1
2;Quercus;4;6//14;4//2;9;3;43161;25;1
2;Quercus;4;6//14;4//2;9;4;43161;25;1
2;Quercus;4;6//14;4//3;10;1;43158;22;1
2;Quercus;4;6//14;4//3;10;2;43158;22;1
2;Quercus;4;6//14;4//3;10;3;43161;25;1
2;Quercus;4;6//14;4//3;10;4;43168;32;1
2;Quercus;4;6//14;4//3;11;1;43161;25;1
2;Quercus;4;6//14;4//3;11;2;43161;25;1
2;Quercus;4;6//14;4//3;12;1;43166;30;1
2;Quercus;4;6//14;4//3;12;2;43168;32;1
2;Quercus;4;6//14;4//3;12;3;43168;32;1
2;Quercus;4;6//14;4//3;12;4;43173;37;1
2;Quercus;4;6//14;4//3;12;5;;;0
2;Quercus;4;6//14;4//3;13;1;43161;25;1
2;Quercus;4;6//14;4//3;13;2;43161;25;1
2;Quercus;4;6//14;4//3;13;3;43161;25;1
1;Quercus;5;14//6;5//1;1;1;43154;32;1
1;Quercus;5;14//6;5//1;1;2;43154;32;1
1;Quercus;5;14//6;5//1;2;1;43151;29;1
1;Quercus;5;14//6;5//1;2;2;43151;29;1
1;Quercus;5;14//6;5//1;2;3;43151;29;1
1;Quercus;5;14//6;5//1;3;1;43147;25;1
1;Quercus;5;14//6;5//1;3;2;;;0
1;Quercus;5;14//6;5//1;3;3;;;0
1;Quercus;5;14//6;5//1;3;4;43145;23;1
1;Quercus;5;14//6;5//1;4;1;43154;32;1
1;Quercus;5;14//6;5//1;4;2;43154;32;1
1;Quercus;5;14//6;5//1;4;3;43158;36;1
1;Quercus;5;14//6;5//1;4;4;43158;36;1
1;Quercus;5;14//6;5//2;5;1;43158;36;1
1;Quercus;5;14//6;5//2;6;1;43166;44;1
1;Quercus;5;14//6;5//2;6;2;43151;29;1
1;Quercus;5;14//6;5//2;6;3;43151;29;1
1;Quercus;5;14//6;5//2;7;1;43154;32;1
1;Quercus;5;14//6;5//2;7;2;43154;32;1
1;Quercus;5;14//6;5//2;8;1;43158;36;1
1;Quercus;5;14//6;5//2;8;2;;;0
1;Quercus;5;14//6;5//2;8;3;43158;36;1
1;Quercus;5;14//6;5//3;9;1;43151;29;1
1;Quercus;5;14//6;5//3;9;2;43158;36;1
1;Quercus;5;14//6;5//3;9;3;43151;29;1
1;Quercus;5;14//6;5//3;9;4;43151;29;1
1;Quercus;5;14//6;5//3;10;1;43166;44;1
1;Quercus;5;14//6;5//3;10;2;43158;36;1
1;Quercus;5;14//6;5//3;11;1;43151;29;1
1;Quercus;5;14//6;5//3;11;2;43151;29;1
1;Quercus;5;14//6;5//3;11;3;43151;29;1
1;Quercus;5;14//6;5//3;11;4;43154;32;1
2;Quercus;5;14//6;5//1;1;1;43168;32;1
2;Quercus;5;14//6;5//1;2;1;43161;25;1
2;Quercus;5;14//6;5//1;2;2;43164;28;1
2;Quercus;5;14//6;5//1;2;3;43164;28;1
2;Quercus;5;14//6;5//1;3;1;43158;22;1
2;Quercus;5;14//6;5//1;3;2;43158;22;1
2;Quercus;5;14//6;5//1;3;3;43158;22;1
2;Quercus;5;14//6;5//1;3;4;43158;22;1
2;Quercus;5;14//6;5//1;4;1;43164;28;1
2;Quercus;5;14//6;5//1;4;2;43164;28;1
2;Quercus;5;14//6;5//1;4;3;43164;28;1
2;Quercus;5;14//6;5//1;4;4;43164;28;1
2;Quercus;5;14//6;5//2;5;1;43161;25;1
2;Quercus;5;14//6;5//2;5;2;43161;25;1
2;Quercus;5;14//6;5//2;6;1;43158;22;1
2;Quercus;5;14//6;5//2;6;2;43161;25;1
2;Quercus;5;14//6;5//2;7;1;43158;22;1
2;Quercus;5;14//6;5//2;7;2;43158;22;1
2;Quercus;5;14//6;5//2;8;1;43164;28;1
2;Quercus;5;14//6;5//2;8;2;43161;25;1
2;Quercus;5;14//6;5//2;8;3;43164;28;1
2;Quercus;5;14//6;5//2;8;4;43161;25;1
2;Quercus;5;14//6;5//3;9;1;43161;25;1
2;Quercus;5;14//6;5//3;9;2;43164;28;1
2;Quercus;5;14//6;5//3;9;3;43161;25;1
2;Quercus;5;14//6;5//3;9;4;43164;28;1
2;Quercus;5;14//6;5//3;10;1;43164;28;1
2;Quercus;5;14//6;5//3;10;2;43166;30;1
2;Quercus;5;14//6;5//3;10;3;43164;28;1
2;Quercus;5;14//6;5//3;11;1;43158;22;1
2;Quercus;5;14//6;5//3;11;2;43161;25;1
2;Quercus;5;14//6;5//3;11;3;43164;28;1
2;Quercus;5;14//6;5//3;11;4;43166;30;1
2;Quercus;5;14//6;5//3;12;1;43161;25;1
2;Quercus;5;14//6;5//3;12;2;43161;25;1
2;Quercus;5;14//6;5//3;12;3;43161;25;1
2;Quercus;5;14//6;5//3;12;4;43166;30;1
2;Quercus;5;14//6;5//3;13;1;43161;25;1
2;Quercus;5;14//6;5//3;13;2;43161;25;1
2;Quercus;5;14//6;5//3;13;3;43161;25;1
2;Quercus;5;14//6;5//3;13;4;43161;25;1
1;Quercus;6;6//18;1//1;1;1;43145;23;1
1;Quercus;6;6//18;1//1;1;2;43145;23;1
1;Quercus;6;6//18;1//1;2;1;43158;36;1
1;Quercus;6;6//18;1//1;2;2;43158;36;1
1;Quercus;6;6//18;1//1;2;3;43161;39;1
1;Quercus;6;6//18;1//1;2;4;43158;36;1
1;Quercus;6;6//18;1//1;3;1;43143;21;1
1;Quercus;6;6//18;1//1;3;2;43151;29;1
1;Quercus;6;6//18;1//1;3;3;43143;21;1
1;Quercus;6;6//18;1//1;4;1;43161;39;1
1;Quercus;6;6//18;1//1;4;2;43145;23;1
1;Quercus;6;6//18;1//2;5;1;43151;29;1
1;Quercus;6;6//18;1//2;5;2;;;0
1;Quercus;6;6//18;1//2;5;3;43151;29;1
1;Quercus;6;6//18;1//2;6;1;43158;36;1
1;Quercus;6;6//18;1//2;6;2;43158;36;1
1;Quercus;6;6//18;1//2;7;1;43158;36;1
1;Quercus;6;6//18;1//2;7;2;43158;36;1
1;Quercus;6;6//18;1//2;7;3;43154;32;1
1;Quercus;6;6//18;1//2;7;4;43154;32;1
1;Quercus;6;6//18;1//3;8;1;43151;29;1
1;Quercus;6;6//18;1//3;8;2;43151;29;1
1;Quercus;6;6//18;1//3;8;3;43151;29;1
1;Quercus;6;6//18;1//3;9;1;43145;23;1
1;Quercus;6;6//18;1//3;9;2;43151;29;1
1;Quercus;6;6//18;1//3;10;1;43154;32;1
1;Quercus;6;6//18;1//3;10;2;43154;32;1
2;Quercus;6;6//18;1//1;1;1;43158;22;1
2;Quercus;6;6//18;1//1;1;2;43158;22;1
2;Quercus;6;6//18;1//1;2;1;43161;25;1
2;Quercus;6;6//18;1//1;2;2;43161;25;1
2;Quercus;6;6//18;1//1;2;3;43161;25;1
2;Quercus;6;6//18;1//1;2;4;43161;25;1
2;Quercus;6;6//18;1//1;3;1;43161;25;1
2;Quercus;6;6//18;1//1;3;2;43161;25;1
2;Quercus;6;6//18;1//1;3;3;43161;25;1
2;Quercus;6;6//18;1//1;4;1;43161;25;1
2;Quercus;6;6//18;1//1;4;2;43166;30;1
2;Quercus;6;6//18;1//1;5;1;43164;28;1
2;Quercus;6;6//18;1//2;6;1;43158;22;1
2;Quercus;6;6//18;1//2;7;2;43161;25;1
2;Quercus;6;6//18;1//2;7;3;43166;30;1
2;Quercus;6;6//18;1//2;8;1;43161;25;1
2;Quercus;6;6//18;1//2;8;2;43161;25;1
2;Quercus;6;6//18;1//2;9;1;43171;35;1
2;Quercus;6;6//18;1//2;9;2;43168;32;1
2;Quercus;6;6//18;1//2;9;3;43168;32;1
2;Quercus;6;6//18;1//3;10;1;43158;22;1
2;Quercus;6;6//18;1//3;10;2;43166;30;1
2;Quercus;6;6//18;1//3;10;3;43164;28;1
2;Quercus;6;6//18;1//3;11;1;43158;22;1
2;Quercus;6;6//18;1//3;11;2;;;0
2;Quercus;6;6//18;1//3;12;1;43158;22;1
2;Quercus;6;6//18;1//3;12;2;43158;22;1
2;Quercus;6;6//18;1//3;13;1;43164;28;1
2;Quercus;6;6//18;1//3;13;2;;;0
2;Quercus;6;6//18;1//3;14;1;43161;25;1
1;Tilia;1;6//6;6//1;1;1;43138;23;1
1;Tilia;1;6//6;6//1;1;2;;;0
1;Tilia;1;6//6;6//1;1;3;;;0
1;Tilia;1;6//6;6//1;1;4;;;0
1;Tilia;1;6//6;6//1;2;1;43143;28;1
1;Tilia;1;6//6;6//1;2;2;;;0
1;Tilia;1;6//6;6//1;2;3;;;0
1;Tilia;1;6//6;6//1;2;4;;;0
1;Tilia;1;6//6;6//1;3;1;43147;32;1
1;Tilia;1;6//6;6//1;3;2;;;0
1;Tilia;1;6//6;6//1;3;3;;;0
1;Tilia;1;6//6;6//1;3;4;;;0
1;Tilia;1;6//6;6//1;4;1;;;0
1;Tilia;1;6//6;6//1;4;2;43136;21;1
1;Tilia;1;6//6;6//1;4;3;;;0
1;Tilia;1;6//6;6//1;4;4;;;0
1;Tilia;1;6//6;6//1;5;1;43143;28;1
1;Tilia;1;6//6;6//1;5;2;;;0
1;Tilia;1;6//6;6//1;5;3;;;0
1;Tilia;1;6//6;6//1;5;4;;;0
1;Tilia;1;6//6;6//2;6;1;43145;30;1
1;Tilia;1;6//6;6//2;6;2;;;0
1;Tilia;1;6//6;6//2;6;3;;;0
1;Tilia;1;6//6;6//2;6;4;;;0
1;Tilia;1;6//6;6//2;7;1;;;0
1;Tilia;1;6//6;6//2;7;2;;;0
1;Tilia;1;6//6;6//2;7;3;43145;30;1
1;Tilia;1;6//6;6//2;7;4;;;0
1;Tilia;1;6//6;6//2;8;1;43140;25;1
1;Tilia;1;6//6;6//2;8;2;;;0
1;Tilia;1;6//6;6//2;8;3;;;0
1;Tilia;1;6//6;6//2;8;4;;;0
1;Tilia;1;6//6;6//2;9;1;43147;32;1
1;Tilia;1;6//6;6//2;9;2;;;0
1;Tilia;1;6//6;6//2;9;3;;;0
1;Tilia;1;6//6;6//2;9;4;;;0
1;Tilia;1;6//6;6//2;10;1;43138;23;1
1;Tilia;1;6//6;6//2;10;2;43143;28;1
1;Tilia;1;6//6;6//2;10;3;;;0
1;Tilia;1;6//6;6//2;10;4;;;0
2;Tilia;1;6//6;6//1;1;1;43147;18;1
2;Tilia;1;6//6;6//1;1;2;;;0
2;Tilia;1;6//6;6//1;1;3;;;0
2;Tilia;1;6//6;6//1;1;4;;;0
2;Tilia;1;6//6;6//1;2;1;43151;22;1
2;Tilia;1;6//6;6//1;2;2;;;0
2;Tilia;1;6//6;6//1;2;3;;;0
2;Tilia;1;6//6;6//1;2;4;43158;29;1
2;Tilia;1;6//6;6//1;7;1;43151;22;1
2;Tilia;1;6//6;6//1;7;2;43154;25;1
2;Tilia;1;6//6;6//1;7;3;;;0
2;Tilia;1;6//6;6//1;7;4;;;0
2;Tilia;1;6//6;6//1;7;1;43158;29;1
2;Tilia;1;6//6;6//1;3;2;43158;29;1
2;Tilia;1;6//6;6//1;3;3;;;0
2;Tilia;1;6//6;6//1;3;4;;;0
2;Tilia;1;6//6;6//1;4;1;;;0
2;Tilia;1;6//6;6//1;4;2;;;0
2;Tilia;1;6//6;6//1;4;3;;;0
2;Tilia;1;6//6;6//1;4;4;43154;25;1
2;Tilia;1;6//6;6//1;5;1;43151;22;1
2;Tilia;1;6//6;6//1;5;2;43147;18;1
2;Tilia;1;6//6;6//1;5;3;43161;32;1
2;Tilia;1;6//6;6//1;5;4;43151;22;1
2;Tilia;1;6//6;6//1;6;1;43161;32;1
2;Tilia;1;6//6;6//1;6;2;43151;22;1
2;Tilia;1;6//6;6//1;6;3;;;0
2;Tilia;1;6//6;6//1;6;4;;;0
2;Tilia;1;6//6;6//2;8;1;43154;25;1
2;Tilia;1;6//6;6//2;8;2;;;0
2;Tilia;1;6//6;6//2;8;3;;;0
2;Tilia;1;6//6;6//2;8;4;;;0
2;Tilia;1;6//6;6//2;9;1;43154;25;1
2;Tilia;1;6//6;6//2;9;2;43154;25;1
2;Tilia;1;6//6;6//2;9;3;;;0
2;Tilia;1;6//6;6//2;9;4;;;0
2;Tilia;1;6//6;6//2;10;1;43154;25;1
2;Tilia;1;6//6;6//2;10;2;;;0
2;Tilia;1;6//6;6//2;10;3;;;0
2;Tilia;1;6//6;6//2;10;4;;;0
2;Tilia;1;6//6;6//2;11;1;43151;22;1
2;Tilia;1;6//6;6//2;11;2;;;0
2;Tilia;1;6//6;6//2;11;3;;;0
2;Tilia;1;6//6;6//2;11;4;;;0
2;Tilia;1;6//6;6//2;12;1;43151;22;1
2;Tilia;1;6//6;6//2;12;2;;;0
2;Tilia;1;6//6;6//2;12;3;;;0
2;Tilia;1;6//6;6//2;12;4;43151;22;1
2;Tilia;1;6//6;6//2;13;1;43151;22;1
2;Tilia;1;6//6;6//2;13;2;;;0
2;Tilia;1;6//6;6//2;13;3;;;0
2;Tilia;1;6//6;6//2;13;4;;;0
1;Tilia;2;2//6;3//1;1;1;43147;32;1
1;Tilia;2;2//6;3//1;1;2;;;0
1;Tilia;2;2//6;3//1;1;3;43145;30;1
1;Tilia;2;2//6;3//1;1;4;;;0
1;Tilia;2;2//6;3//1;2;1;43140;25;1
1;Tilia;2;2//6;3//1;2;2;43140;25;1
1;Tilia;2;2//6;3//1;2;3;;;0
1;Tilia;2;2//6;3//1;2;4;43140;25;1
1;Tilia;2;2//6;3//1;6;1;43140;25;1
1;Tilia;2;2//6;3//1;6;2;;;0
1;Tilia;2;2//6;3//1;6;3;;;0
1;Tilia;2;2//6;3//1;6;4;;;0
1;Tilia;2;2//6;3//1;3;1;43140;25;1
1;Tilia;2;2//6;3//1;3;2;;;0
1;Tilia;2;2//6;3//1;3;3;;;0
1;Tilia;2;2//6;3//1;3;4;;;0
1;Tilia;2;2//6;3//1;4;1;43138;23;1
1;Tilia;2;2//6;3//1;4;2;43140;25;1
1;Tilia;2;2//6;3//1;4;3;;;0
1;Tilia;2;2//6;3//1;4;4;;;0
1;Tilia;2;2//6;3//1;5;1;;;0
1;Tilia;2;2//6;3//1;5;2;43147;32;1
1;Tilia;2;2//6;3//1;5;3;;;0
1;Tilia;2;2//6;3//1;5;4;43147;32;1
1;Tilia;2;2//6;3//2;7;1;;;0
1;Tilia;2;2//6;3//2;7;2;;;0
1;Tilia;2;2//6;3//2;7;3;43154;39;1
1;Tilia;2;2//6;3//2;7;4;;;0
1;Tilia;2;2//6;3//2;8;1;43151;36;1
1;Tilia;2;2//6;3//2;8;2;;;0
1;Tilia;2;2//6;3//2;8;3;;;0
1;Tilia;2;2//6;3//2;8;4;43151;36;1
1;Tilia;2;2//6;3//2;9;1;;;0
1;Tilia;2;2//6;3//2;9;2;43147;32;1
1;Tilia;2;2//6;3//2;9;3;;;0
1;Tilia;2;2//6;3//2;9;4;43151;36;1
1;Tilia;2;2//6;3//2;10;1;;;0
1;Tilia;2;2//6;3//2;10;2;43143;28;1
1;Tilia;2;2//6;3//2;10;3;;;0
1;Tilia;2;2//6;3//2;10;4;;;0
1;Tilia;2;2//6;3//2;11;1;43147;32;1
1;Tilia;2;2//6;3//2;11;2;;;0
1;Tilia;2;2//6;3//2;11;3;;;0
1;Tilia;2;2//6;3//2;11;4;;;0
2;Tilia;2;2//6;3//1;1;1;43158;29;1
2;Tilia;2;2//6;3//1;1;2;43164;35;1
2;Tilia;2;2//6;3//1;1;3;;;0
2;Tilia;2;2//6;3//1;1;4;;;0
2;Tilia;2;2//6;3//1;2;1;43151;22;1
2;Tilia;2;2//6;3//1;2;2;43154;25;1
2;Tilia;2;2//6;3//1;2;3;;;0
2;Tilia;2;2//6;3//1;2;4;;;0
2;Tilia;2;2//6;3//1;3;1;43166;37;1
2;Tilia;2;2//6;3//1;3;2;43166;37;1
2;Tilia;2;2//6;3//1;3;3;;;0
2;Tilia;2;2//6;3//1;3;4;;;0
2;Tilia;2;2//6;3//1;4;1;43158;29;1
2;Tilia;2;2//6;3//1;4;2;;;0
2;Tilia;2;2//6;3//1;4;3;;;0
2;Tilia;2;2//6;3//1;4;4;;;0
2;Tilia;2;2//6;3//1;5;1;;;0
2;Tilia;2;2//6;3//1;5;2;43158;29;1
2;Tilia;2;2//6;3//1;5;3;;;0
2;Tilia;2;2//6;3//1;5;4;;;0
2;Tilia;2;2//6;3//1;6;1;;;0
2;Tilia;2;2//6;3//1;6;2;;;0
2;Tilia;2;2//6;3//1;6;3;;;0
2;Tilia;2;2//6;3//1;6;4;43161;32;1
2;Tilia;2;2//6;3//1;7;1;;;0
2;Tilia;2;2//6;3//1;7;2;;;0
2;Tilia;2;2//6;3//1;7;3;43168;39;1
2;Tilia;2;2//6;3//1;7;4;;;0
2;Tilia;2;2//6;3//2;8;1;43158;29;1
2;Tilia;2;2//6;3//2;8;2;;;0
2;Tilia;2;2//6;3//2;8;3;;;0
2;Tilia;2;2//6;3//2;8;4;43158;29;1
2;Tilia;2;2//6;3//2;9;1;43154;25;1
2;Tilia;2;2//6;3//2;9;2;;;0
2;Tilia;2;2//6;3//2;9;3;;;0
2;Tilia;2;2//6;3//2;9;4;;;0
2;Tilia;2;2//6;3//2;10;1;43151;22;1
2;Tilia;2;2//6;3//2;10;2;43154;25;1
2;Tilia;2;2//6;3//2;10;3;;;0
2;Tilia;2;2//6;3//2;10;4;;;0
2;Tilia;2;2//6;3//2;11;1;43158;29;1
2;Tilia;2;2//6;3//2;11;2;43158;29;1
2;Tilia;2;2//6;3//2;11;3;;;0
2;Tilia;2;2//6;3//2;11;4;43158;29;1
2;Tilia;2;2//6;3//2;12;1;43154;25;1
2;Tilia;2;2//6;3//2;12;2;43154;25;1
2;Tilia;2;2//6;3//2;12;3;;;0
2;Tilia;2;2//6;3//2;12;4;43154;25;1
2;Tilia;2;2//6;3//2;13;1;43158;29;1
2;Tilia;2;2//6;3//2;13;2;43158;29;1
2;Tilia;2;2//6;3//2;13;3;;;0
2;Tilia;2;2//6;3//2;13;4;;;0
1;Tilia;3;6//10;2//1;1;1;;;0
1;Tilia;3;6//10;2//1;1;2;43143;28;1
1;Tilia;3;6//10;2//1;1;3;;;0
1;Tilia;3;6//10;2//1;1;4;;;0
1;Tilia;3;6//10;2//1;2;1;43151;36;1
1;Tilia;3;6//10;2//1;2;2;;;0
1;Tilia;3;6//10;2//1;2;3;;;0
1;Tilia;3;6//10;2//1;2;4;;;0
1;Tilia;3;6//10;2//1;3;1;;;0
1;Tilia;3;6//10;2//1;3;2;43154;39;1
1;Tilia;3;6//10;2//1;3;3;;;0
1;Tilia;3;6//10;2//1;3;4;;;0
1;Tilia;3;6//10;2//1;4;1;;;0
1;Tilia;3;6//10;2//1;4;2;;;0
1;Tilia;3;6//10;2//1;4;3;;;0
1;Tilia;3;6//10;2//1;4;4;;;0
1;Tilia;3;6//10;2//1;5;1;43145;30;1
1;Tilia;3;6//10;2//1;5;2;43147;32;1
1;Tilia;3;6//10;2//1;5;3;;;0
1;Tilia;3;6//10;2//1;5;4;;;0
1;Tilia;3;6//10;2//2;6;1;43143;28;1
1;Tilia;3;6//10;2//2;6;2;;;0
1;Tilia;3;6//10;2//2;6;3;;;0
1;Tilia;3;6//10;2//2;6;4;;;0
1;Tilia;3;6//10;2//2;7;1;43143;28;1
1;Tilia;3;6//10;2//2;7;2;43143;28;1
1;Tilia;3;6//10;2//2;7;3;;;0
1;Tilia;3;6//10;2//2;7;4;;;0
1;Tilia;3;6//10;2//2;8;1;;;0
1;Tilia;3;6//10;2//2;8;2;43143;28;1
1;Tilia;3;6//10;2//2;8;3;;;0
1;Tilia;3;6//10;2//2;8;4;;;0
1;Tilia;3;6//10;2//2;9;1;;;0
1;Tilia;3;6//10;2//2;9;2;43138;23;1
1;Tilia;3;6//10;2//2;9;3;;;0
1;Tilia;3;6//10;2//2;9;4;;;0
1;Tilia;3;6//10;2//2;10;1;43151;36;1
1;Tilia;3;6//10;2//2;10;2;;;0
1;Tilia;3;6//10;2//2;10;3;;;0
1;Tilia;3;6//10;2//2;10;4;;;0
2;Tilia;3;6//10;2//1;1;1;43158;29;1
2;Tilia;3;6//10;2//1;1;2;43158;29;1
2;Tilia;3;6//10;2//1;1;3;;;0
2;Tilia;3;6//10;2//1;1;4;;;0
2;Tilia;3;6//10;2//1;2;1;43164;35;1
2;Tilia;3;6//10;2//1;2;2;43166;37;1
2;Tilia;3;6//10;2//1;2;3;;;0
2;Tilia;3;6//10;2//1;2;4;43158;29;1
2;Tilia;3;6//10;2//1;3;1;43154;25;1
2;Tilia;3;6//10;2//1;3;2;;;0
2;Tilia;3;6//10;2//1;3;3;;;0
2;Tilia;3;6//10;2//1;3;4;43154;25;1
2;Tilia;3;6//10;2//1;4;1;;;0
2;Tilia;3;6//10;2//1;4;2;43158;29;1
2;Tilia;3;6//10;2//1;4;3;;;0
2;Tilia;3;6//10;2//1;4;4;;;0
2;Tilia;3;6//10;2//1;5;1;;;0
2;Tilia;3;6//10;2//1;5;2;43158;29;1
2;Tilia;3;6//10;2//1;5;3;;;0
2;Tilia;3;6//10;2//1;5;4;;;0
2;Tilia;3;6//10;2//1;6;1;;;0
2;Tilia;3;6//10;2//1;6;2;;;0
2;Tilia;3;6//10;2//1;6;3;43151;22;1
2;Tilia;3;6//10;2//1;6;4;43161;32;1
2;Tilia;3;6//10;2//2;7;1;;;0
2;Tilia;3;6//10;2//2;7;2;43154;25;1
2;Tilia;3;6//10;2//2;7;3;;;0
2;Tilia;3;6//10;2//2;7;4;;;0
2;Tilia;3;6//10;2//2;8;1;43158;29;1
2;Tilia;3;6//10;2//2;8;2;;;0
2;Tilia;3;6//10;2//2;8;3;;;0
2;Tilia;3;6//10;2//2;8;4;43158;29;1
2;Tilia;3;6//10;2//2;9;1;43158;29;1
2;Tilia;3;6//10;2//2;9;2;;;0
2;Tilia;3;6//10;2//2;9;3;43158;29;1
2;Tilia;3;6//10;2//2;9;4;;;0
2;Tilia;3;6//10;2//2;10;1;43158;29;1
2;Tilia;3;6//10;2//2;10;2;;;0
2;Tilia;3;6//10;2//2;10;3;;;0
2;Tilia;3;6//10;2//2;10;4;;;0
2;Tilia;3;6//10;2//2;11;1;43154;25;1
2;Tilia;3;6//10;2//2;11;2;43154;25;1
2;Tilia;3;6//10;2//2;11;3;;;0
2;Tilia;3;6//10;2//2;11;4;43154;25;1
1;Tilia;4;6//14;4//1;1;1;;;0
1;Tilia;4;6//14;4//1;1;2;43145;30;1
1;Tilia;4;6//14;4//1;1;3;;;0
1;Tilia;4;6//14;4//1;1;4;;;0
1;Tilia;4;6//14;4//1;2;1;;;0
1;Tilia;4;6//14;4//1;2;2;;;0
1;Tilia;4;6//14;4//1;2;3;43151;36;1
1;Tilia;4;6//14;4//1;2;4;;;0
1;Tilia;4;6//14;4//1;3;1;;;0
1;Tilia;4;6//14;4//1;3;2;;;0
1;Tilia;4;6//14;4//1;3;3;43154;39;1
1;Tilia;4;6//14;4//1;3;4;43154;39;1
1;Tilia;4;6//14;4//1;4;1;;;0
1;Tilia;4;6//14;4//1;4;2;43145;30;1
1;Tilia;4;6//14;4//1;4;3;;;0
1;Tilia;4;6//14;4//1;4;4;43145;30;1
1;Tilia;4;6//14;4//1;5;1;;;0
1;Tilia;4;6//14;4//1;5;2;;;0
1;Tilia;4;6//14;4//1;5;3;;;0
1;Tilia;4;6//14;4//1;5;4;;;0
1;Tilia;4;6//14;4//2;6;1;;;0
1;Tilia;4;6//14;4//2;6;2;43161;46;1
1;Tilia;4;6//14;4//2;6;3;;;0
1;Tilia;4;6//14;4//2;6;4;;;0
1;Tilia;4;6//14;4//2;7;1;;;0
1;Tilia;4;6//14;4//2;7;2;;;0
1;Tilia;4;6//14;4//2;7;3;;;0
1;Tilia;4;6//14;4//2;7;4;43164;49;1
1;Tilia;4;6//14;4//2;8;1;43168;53;1
1;Tilia;4;6//14;4//2;8;2;;;0
1;Tilia;4;6//14;4//2;8;3;;;0
1;Tilia;4;6//14;4//2;8;4;;;0
1;Tilia;4;6//14;4//2;9;1;;;0
1;Tilia;4;6//14;4//2;9;2;;;0
1;Tilia;4;6//14;4//2;9;3;43151;36;1
1;Tilia;4;6//14;4//2;9;4;;;0
1;Tilia;4;6//14;4//2;10;1;43174;59;1
1;Tilia;4;6//14;4//2;10;2;;;0
1;Tilia;4;6//14;4//2;10;3;43145;30;1
1;Tilia;4;6//14;4//2;10;4;;;0
2;Tilia;4;6//14;4//1;1;1;;;0
2;Tilia;4;6//14;4//1;1;2;43164;35;1
2;Tilia;4;6//14;4//1;1;3;;;0
2;Tilia;4;6//14;4//1;1;4;;;0
2;Tilia;4;6//14;4//1;2;1;;;0
2;Tilia;4;6//14;4//1;2;2;;;0
2;Tilia;4;6//14;4//1;2;3;;;0
2;Tilia;4;6//14;4//1;2;4;;;0
2;Tilia;4;6//14;4//1;3;1;43164;35;1
2;Tilia;4;6//14;4//1;3;2;;;0
2;Tilia;4;6//14;4//1;3;3;;;0
2;Tilia;4;6//14;4//1;3;4;;;0
2;Tilia;4;6//14;4//1;4;1;;;0
2;Tilia;4;6//14;4//1;4;2;;;0
2;Tilia;4;6//14;4//1;4;3;;;0
2;Tilia;4;6//14;4//1;4;4;43164;35;1
2;Tilia;4;6//14;4//1;5;1;;;0
2;Tilia;4;6//14;4//1;5;2;43174;45;1
2;Tilia;4;6//14;4//1;5;3;43158;29;1
2;Tilia;4;6//14;4//1;5;4;;;0
2;Tilia;4;6//14;4//2;6;1;;;0
2;Tilia;4;6//14;4//2;6;2;;;0
2;Tilia;4;6//14;4//2;6;3;;;0
2;Tilia;4;6//14;4//2;6;4;43174;45;1
2;Tilia;4;6//14;4//2;7;1;43164;35;1
2;Tilia;4;6//14;4//2;7;2;;;0
2;Tilia;4;6//14;4//2;7;3;;;0
2;Tilia;4;6//14;4//2;7;4;;;0
2;Tilia;4;6//14;4//2;8;1;;;0
2;Tilia;4;6//14;4//2;8;2;43161;32;1
2;Tilia;4;6//14;4//2;8;3;43161;32;1
2;Tilia;4;6//14;4//2;8;4;;;0
2;Tilia;4;6//14;4//2;9;1;;;0
2;Tilia;4;6//14;4//2;9;2;43166;37;1
2;Tilia;4;6//14;4//2;9;3;;;0
2;Tilia;4;6//14;4//2;9;4;43166;37;1
2;Tilia;4;6//14;4//2;10;1;;;0
2;Tilia;4;6//14;4//2;10;2;;;0
2;Tilia;4;6//14;4//2;10;3;;;0
2;Tilia;4;6//14;4//2;10;4;;;0
2;Tilia;4;6//14;4//2;11;1;;;0
2;Tilia;4;6//14;4//2;11;2;;;0
2;Tilia;4;6//14;4//2;11;3;;;0
2;Tilia;4;6//14;4//2;11;4;43158;29;1
2;Tilia;4;6//14;4//2;12;1;;;0
2;Tilia;4;6//14;4//2;12;2;43161;32;1
2;Tilia;4;6//14;4//2;12;3;;;0
2;Tilia;4;6//14;4//2;12;4;43168;39;1
1;Tilia;5;14//6;5//1;1;1;;;0
1;Tilia;5;14//6;5//1;1;2;43151;36;1
1;Tilia;5;14//6;5//1;1;3;43147;32;1
1;Tilia;5;14//6;5//1;1;4;;;0
1;Tilia;5;14//6;5//1;2;1;43143;28;1
1;Tilia;5;14//6;5//1;2;2;;;0
1;Tilia;5;14//6;5//1;2;3;;;0
1;Tilia;5;14//6;5//1;2;4;;;0
1;Tilia;5;14//6;5//1;3;1;43147;32;1
1;Tilia;5;14//6;5//1;3;2;;;0
1;Tilia;5;14//6;5//1;3;3;43145;30;1
1;Tilia;5;14//6;5//1;3;4;;;0
1;Tilia;5;14//6;5//1;4;1;;;0
1;Tilia;5;14//6;5//1;4;2;;;0
1;Tilia;5;14//6;5//1;4;3;;;0
1;Tilia;5;14//6;5//1;4;4;;;0
1;Tilia;5;14//6;5//1;5;1;43145;30;1
1;Tilia;5;14//6;5//1;5;2;;;0
1;Tilia;5;14//6;5//1;5;3;;;0
1;Tilia;5;14//6;5//1;5;4;;;0
1;Tilia;5;14//6;5//2;6;1;43143;28;1
1;Tilia;5;14//6;5//2;6;2;;;0
1;Tilia;5;14//6;5//2;6;3;;;0
1;Tilia;5;14//6;5//2;6;4;;;0
1;Tilia;5;14//6;5//2;7;1;43151;36;1
1;Tilia;5;14//6;5//2;7;2;43145;30;1
1;Tilia;5;14//6;5//2;7;3;;;0
1;Tilia;5;14//6;5//2;7;4;43145;30;1
1;Tilia;5;14//6;5//2;8;1;;;0
1;Tilia;5;14//6;5//2;8;2;;;0
1;Tilia;5;14//6;5//2;8;3;;;0
1;Tilia;5;14//6;5//2;8;4;;;0
1;Tilia;5;14//6;5//2;9;1;;;0
1;Tilia;5;14//6;5//2;9;2;;;0
1;Tilia;5;14//6;5//2;9;3;43154;39;1
1;Tilia;5;14//6;5//2;9;4;;;0
1;Tilia;5;14//6;5//2;10;1;;;0
1;Tilia;5;14//6;5//2;10;2;43151;36;1
1;Tilia;5;14//6;5//2;10;3;;;0
1;Tilia;5;14//6;5//2;10;4;;;0
2;Tilia;5;14//6;5//1;1;1;;;0
2;Tilia;5;14//6;5//1;1;2;43154;25;1
2;Tilia;5;14//6;5//1;1;3;43158;29;1
2;Tilia;5;14//6;5//1;1;4;43158;29;1
2;Tilia;5;14//6;5//1;2;1;;;0
2;Tilia;5;14//6;5//1;2;2;43158;29;1
2;Tilia;5;14//6;5//1;2;3;;;0
2;Tilia;5;14//6;5//1;2;4;;;0
2;Tilia;5;14//6;5//1;3;1;;;0
2;Tilia;5;14//6;5//1;3;2;43164;35;1
2;Tilia;5;14//6;5//1;3;3;;;0
2;Tilia;5;14//6;5//1;3;4;;;0
2;Tilia;5;14//6;5//1;4;1;43158;29;1
2;Tilia;5;14//6;5//1;4;2;;;0
2;Tilia;5;14//6;5//1;4;3;;;0
2;Tilia;5;14//6;5//1;4;4;43168;39;1
2;Tilia;5;14//6;5//1;5;1;;;0
2;Tilia;5;14//6;5//1;5;2;43154;25;1
2;Tilia;5;14//6;5//1;5;3;;;0
2;Tilia;5;14//6;5//1;5;4;43158;29;1
2;Tilia;5;14//6;5//2;6;1;43158;29;1
2;Tilia;5;14//6;5//2;6;2;;;0
2;Tilia;5;14//6;5//2;6;3;;;0
2;Tilia;5;14//6;5//2;6;4;;;0
2;Tilia;5;14//6;5//2;7;1;;;0
2;Tilia;5;14//6;5//2;7;2;;;0
2;Tilia;5;14//6;5//2;7;3;;;0
2;Tilia;5;14//6;5//2;7;4;;;0
2;Tilia;5;14//6;5//2;8;1;;;0
2;Tilia;5;14//6;5//2;8;2;;;0
2;Tilia;5;14//6;5//2;8;3;43147;18;1
2;Tilia;5;14//6;5//2;8;4;;;0
2;Tilia;5;14//6;5//2;9;1;;;0
2;Tilia;5;14//6;5//2;9;2;43154;25;1
2;Tilia;5;14//6;5//2;9;3;43154;25;1
2;Tilia;5;14//6;5//2;9;4;;;0
2;Tilia;5;14//6;5//2;10;1;;;0
2;Tilia;5;14//6;5//2;10;2;;;0
2;Tilia;5;14//6;5//2;10;3;43161;32;1
2;Tilia;5;14//6;5//2;10;4;;;0
2;Tilia;5;14//6;5//2;11;1;43166;37;1
2;Tilia;5;14//6;5//2;11;2;;;0
2;Tilia;5;14//6;5//2;11;3;;;0
2;Tilia;5;14//6;5//2;11;4;;;0
1;Tilia;6;6//18;1//1;1;1;;;0
1;Tilia;6;6//18;1//1;1;2;;;0
1;Tilia;6;6//18;1//1;1;3;;;0
1;Tilia;6;6//18;1//1;1;4;43166;51;1
1;Tilia;6;6//18;1//1;2;1;;;0
1;Tilia;6;6//18;1//1;2;2;;;0
1;Tilia;6;6//18;1//1;2;3;;;0
1;Tilia;6;6//18;1//1;2;4;43178;63;1
1;Tilia;6;6//18;1//1;3;1;;;0
1;Tilia;6;6//18;1//1;3;2;;;0
1;Tilia;6;6//18;1//1;3;3;43161;46;1
1;Tilia;6;6//18;1//1;3;4;;;0
1;Tilia;6;6//18;1//1;4;1;;;0
1;Tilia;6;6//18;1//1;4;2;;;0
1;Tilia;6;6//18;1//1;4;3;;;0
1;Tilia;6;6//18;1//1;4;4;43151;36;1
1;Tilia;6;6//18;1//1;5;1;;;0
1;Tilia;6;6//18;1//1;5;2;;;0
1;Tilia;6;6//18;1//1;5;3;;;0
1;Tilia;6;6//18;1//1;5;4;;;0
1;Tilia;6;6//18;1//2;6;1;;;0
1;Tilia;6;6//18;1//2;6;2;;;0
1;Tilia;6;6//18;1//2;6;3;;;0
1;Tilia;6;6//18;1//2;6;4;;;0
1;Tilia;6;6//18;1//2;7;1;;;0
1;Tilia;6;6//18;1//2;7;2;;;0
1;Tilia;6;6//18;1//2;7;3;;;0
1;Tilia;6;6//18;1//2;7;4;;;0
1;Tilia;6;6//18;1//2;8;1;;;0
1;Tilia;6;6//18;1//2;8;2;;;0
1;Tilia;6;6//18;1//2;8;3;43166;51;1
1;Tilia;6;6//18;1//2;8;4;;;0
1;Tilia;6;6//18;1//2;9;1;;;0
1;Tilia;6;6//18;1//2;9;2;;;0
1;Tilia;6;6//18;1//2;9;3;;;0
1;Tilia;6;6//18;1//2;9;4;43178;63;1
1;Tilia;6;6//18;1//2;10;1;;;0
1;Tilia;6;6//18;1//2;10;2;43178;63;1
1;Tilia;6;6//18;1//2;10;3;;;0
1;Tilia;6;6//18;1//2;10;4;;;0
2;Tilia;6;6//18;1//1;1;1;;;0
2;Tilia;6;6//18;1//1;1;2;;;0
2;Tilia;6;6//18;1//1;1;3;;;0
2;Tilia;6;6//18;1//1;1;4;;;0
2;Tilia;6;6//18;1//1;2;1;43174;45;1
2;Tilia;6;6//18;1//1;2;2;43174;45;1
2;Tilia;6;6//18;1//1;2;3;;;0
2;Tilia;6;6//18;1//1;2;4;;;0
2;Tilia;6;6//18;1//1;3;1;;;0
2;Tilia;6;6//18;1//1;3;2;;;0
2;Tilia;6;6//18;1//1;3;3;43178;49;1
2;Tilia;6;6//18;1//1;3;4;;;0
2;Tilia;6;6//18;1//1;4;1;43174;45;1
2;Tilia;6;6//18;1//1;4;2;;;0
2;Tilia;6;6//18;1//1;4;3;;;0
2;Tilia;6;6//18;1//1;4;4;;;0
2;Tilia;6;6//18;1//1;5;1;;;0
2;Tilia;6;6//18;1//1;5;2;;;0
2;Tilia;6;6//18;1//1;5;3;;;0
2;Tilia;6;6//18;1//1;5;4;;;0
2;Tilia;6;6//18;1//2;6;1;;;0
2;Tilia;6;6//18;1//2;6;2;;;0
2;Tilia;6;6//18;1//2;6;3;;;0
2;Tilia;6;6//18;1//2;6;4;;;0
2;Tilia;6;6//18;1//2;7;1;;;0
2;Tilia;6;6//18;1//2;7;2;;;0
2;Tilia;6;6//18;1//2;7;3;43171;42;1
2;Tilia;6;6//18;1//2;7;4;;;0
2;Tilia;6;6//18;1//2;8;1;;;0
2;Tilia;6;6//18;1//2;8;2;;;0
2;Tilia;6;6//18;1//2;8;3;;;0
2;Tilia;6;6//18;1//2;8;4;;;0
2;Tilia;6;6//18;1//2;9;1;;;0
2;Tilia;6;6//18;1//2;9;2;43178;49;1
2;Tilia;6;6//18;1//2;9;3;;;0
2;Tilia;6;6//18;1//2;9;4;;;0
2;Tilia;6;6//18;1//2;10;1;;;0
2;Tilia;6;6//18;1//2;10;2;;;0
2;Tilia;6;6//18;1//2;10;3;;;0
2;Tilia;6;6//18;1//2;10;4;;;0
